team name,campaign name,partner name,placement name,device type,blocking status,measured impressions,total impressions,% measured,% see-through,% passed,% failed,% failed by content,% failed by geo,% failed by keyword,% failed by blacklist,% failed by language,% fraud,total viewable rate (total net metrics),total viewable display rate (total net metrics),total viewable video rate (total net metrics),% display ads in view (groupm),% video ads in view (groupm),% display ads in view (publicis),% video ads in view (publicis)
N/A,GST_Q1_2018_GDN_PFX,Google Inc,PI~AUTO_PB~GOOG_DA~NONE_YQ~18Q1_BS~TCMA_IT~PPA_CH~SEARCH_TG~BHV_DT~MO_FM~RMBAN_SZ~320x50_AD~AS_AS~DCM_RT~CPC_PK~CPI_CT~RM_PD~|NONE|NONE|NONE|RET|NONE|NONE|NONE,Phone - App - Display,Monitoring,2487868,2586069,0.962026921942,0.946536615999,1.0,0.0,0.0,0.0,0.0,0.0,0.0,0.0,0.435062873111,0.435062873111,NULL,0.0,NULL,0.0,NULL
N/A,GST_Q1_2018_GDN_PFX,Google Inc,PI~AUTO_PB~GOOG_DA~NONE_YQ~18Q1_BS~RAV4_IT~PPA_CH~SEARCH_TG~CQT_DT~MO_FM~RMBAN_SZ~320x50_AD~AS_AS~DCM_RT~CPC_PK~CPI_CT~RM_PD~|NONE|NONE|NONE|NONE|NONE|NONE|NONE,Phone - App - Display,Monitoring,1684173,1754033,0.960171786962,0.985078387921,1.0,0.0,0.0,0.0,0.0,0.0,0.0,0.0,0.332828634588,0.332828634588,NULL,0.0,NULL,0.0,NULL
N/A,GST_Q1_2018_GDN_PFX,Google Inc,PI~AUTO_PB~GOOG_DA~NONE_YQ~18Q1_BS~RAV4_IT~PPA_CH~SEARCH_TG~BHV_DT~MO_FM~RMBAN_SZ~320x50_AD~AS_AS~DCM_RT~CPC_PK~CPI_CT~RM_PD~|NONE|NONE|NONE|RET|NONE|NONE|NONE,Phone - App - Display,Monitoring,1565078,1621496,0.965206204641,0.95949234534,1.0,0.0,0.0,0.0,0.0,0.0,0.0,0.0,0.482306313168,0.482306313168,NULL,0.0,NULL,0.0,NULL
N/A,GST_Q1_2018_GDN_PFX,Google Inc,PI~AUTO_PB~GOOG_DA~NONE_YQ~18Q1_BS~CMRY_IT~PPA_CH~SEARCH_TG~BHV_DT~MO_FM~RMBAN_SZ~320x50_AD~AS_AS~DCM_RT~CPC_PK~CPI_CT~RM_PD~|NONE|NONE|NONE|RET|NONE|NONE|NONE,Phone - App - Display,Monitoring,1461001,1511764,0.966421346189,0.96317943806,1.0,0.0,0.0,0.0,0.0,0.0,0.0,0.0,0.489729302033,0.489729302033,NULL,0.0,NULL,0.0,NULL
N/A,GST_Q1_2018_GDN_PFX,Google Inc,PI~AUTO_PB~GOOG_DA~NONE_YQ~18Q1_BS~HGLR_IT~PPA_CH~SEARCH_TG~BHV_DT~MO_FM~RMBAN_SZ~320x50_AD~AS_AS~DCM_RT~CPC_PK~CPI_CT~RM_PD~|NONE|NONE|NONE|RET|NONE|NONE|NONE,Phone - App - Display,Monitoring,1156858,1197569,0.966005299068,0.952139709695,1.0,0.0,0.0,0.0,0.0,0.0,0.0,0.0,0.508058033052,0.508058033052,NULL,0.0,NULL,0.0,NULL
N/A,GST_Q1_2018_GDN_PFX,Google Inc,PI~AUTO_PB~GOOG_DA~NONE_YQ~18Q1_BS~TDRA_IT~PPA_CH~SEARCH_TG~BHV_DT~MO_FM~RMBAN_SZ~320x50_AD~AS_AS~DCM_RT~CPC_PK~CPI_CT~RM_PD~|NONE|NONE|NONE|RET|NONE|NONE|NONE,Phone - App - Display,Monitoring,1065155,1102808,0.965857157366,0.956122915322,1.0,0.0,0.0,0.0,0.0,0.0,0.0,0.0,0.48273349888,0.48273349888,NULL,0.0,NULL,0.0,NULL
N/A,GST_Q1_2018_HIS_GDN_PFX,Google Inc,PI~AUTO_PB~GOOG_DA~NONE_YQ~18Q1_BS~CRLA_IT~PPA_CH~SEARCH_TG~BHV_DT~MO_FM~RMBAN_SZ~320x50_AD~AS_AS~DCM_RT~CPC_PK~CPI_CT~RM_PD~|NONE|NONE|NONE|RET|NONE|NONE|HIS,Phone - App - Display,Monitoring,910338,944081,0.964258363424,0.946287447793,1.0,0.0,0.0,0.0,0.0,0.0,0.0,0.0,0.541763608682,0.541763608682,NULL,0.0,NULL,0.0,NULL
N/A,GST_Q1_2018_GDN_PFX,Google Inc,PI~AUTO_PB~GOOG_DA~NONE_YQ~18Q1_BS~4RUN_IT~PPA_CH~SEARCH_TG~BHV_DT~MO_FM~RMBAN_SZ~320x50_AD~AS_AS~DCM_RT~CPC_PK~CPI_CT~RM_PD~|NONE|NONE|NONE|RET|NONE|NONE|NONE,Phone - App - Display,Monitoring,898532,932447,0.963627959552,0.939295209272,1.0,0.0,0.0,0.0,0.0,0.0,0.0,0.0,0.534288150005,0.534288150005,NULL,0.0,NULL,0.0,NULL
N/A,GST_Q1_2018_HIS_GDN_PFX,Google Inc,PI~AUTO_PB~GOOG_DA~NONE_YQ~18Q1_BS~CMRY_IT~PPA_CH~SEARCH_TG~BHV_DT~MO_FM~RMBAN_SZ~320x50_AD~AS_AS~DCM_RT~CPC_PK~CPI_CT~RM_PD~|NONE|NONE|NONE|RET|NONE|NONE|HIS,Phone - App - Display,Monitoring,793691,821541,0.966100292012,0.952887317858,1.0,0.0,0.0,0.0,0.0,0.0,0.0,0.0,0.539654601098,0.539654601098,NULL,0.0,NULL,0.0,NULL
N/A,GST_Q1_2018_HIS_GDN_PFX,Google Inc,PI~AUTO_PB~GOOG_DA~NONE_YQ~18Q1_BS~TCMA_IT~PPA_CH~SEARCH_TG~BHV_DT~MO_FM~RMBAN_SZ~320x50_AD~AS_AS~DCM_RT~CPC_PK~CPI_CT~RM_PD~|NONE|NONE|NONE|RET|NONE|NONE|HIS,Phone - App - Display,Monitoring,738096,764536,0.965416932623,0.959661807946,1.0,0.0,0.0,0.0,0.0,0.0,0.0,0.0,0.515329984176,0.515329984176,NULL,0.0,NULL,0.0,NULL
N/A,GST_Q1_2018_HIS_GDN_PFX,Google Inc,PI~AUTO_PB~GOOG_DA~NONE_YQ~18Q1_BS~RAV4_IT~PPA_CH~SEARCH_TG~BHV_DT~MO_FM~RMBAN_SZ~320x50_AD~AS_AS~DCM_RT~CPC_PK~CPI_CT~RM_PD~|NONE|NONE|NONE|RET|NONE|NONE|HIS,Phone - App - Display,Monitoring,694071,715761,0.969696588666,0.97755675428,1.0,0.0,0.0,0.0,0.0,0.0,0.0,0.0,0.548040474245,0.548040474245,NULL,0.0,NULL,0.0,NULL
N/A,GST_Q1_2018_GDN_PFX,Google Inc,PI~AUTO_PB~GOOG_DA~NONE_YQ~18Q1_BS~CRLA_IT~PPA_CH~SEARCH_TG~CQT_DT~MO_FM~RMBAN_SZ~320x50_AD~AS_AS~DCM_RT~CPC_PK~CPI_CT~RM_PD~|NONE|NONE|NONE|NONE|NONE|NONE|NONE,Phone - App - Display,Monitoring,679859,707001,0.961609672405,0.984729866012,1.0,0.0,0.0,0.0,0.0,0.0,0.0,0.0,0.333174967162,0.333174967162,NULL,0.0,NULL,0.0,NULL
N/A,GST_Q1_2018_GDN_PFX,Google Inc,PI~AUTO_PB~GOOG_DA~NONE_YQ~18Q1_BS~TCMA_IT~PPA_CH~SEARCH_TG~BHV_DT~MO_FM~RMBAN_SZ~300X250_AD~AS_AS~DCM_RT~CPC_PK~CPI_CT~RM_PD~|NONE|NONE|NONE|RET|NONE|NONE|NONE,Phone - App - Display,Monitoring,614469,648934,0.946889822386,0.99290374676,1.0,0.0,0.0,0.0,0.0,0.0,0.0,0.0,0.245392363162,0.245392363162,NULL,0.0,NULL,0.0,NULL
N/A,GST_Q1_2018_GDN_PFX,Google Inc,PI~AUTO_PB~GOOG_DA~NONE_YQ~18Q1_BS~TCMA_IT~PPA_CH~SEARCH_TG~CQT_DT~MO_FM~RMBAN_SZ~320x50_AD~AS_AS~DCM_RT~CPC_PK~CPI_CT~RM_PD~|NONE|NONE|NONE|NONE|NONE|NONE|NONE,Phone - App - Display,Monitoring,475663,500235,0.950879086829,0.987963657081,1.0,0.0,0.0,0.0,0.0,0.0,0.0,0.0,0.35671473291,0.35671473291,NULL,0.0,NULL,0.0,NULL
N/A,GST_Q1_2018_GDN_PFX,Google Inc,PI~AUTO_PB~GOOG_DA~NONE_YQ~18Q1_BS~RAV4_IT~PPA_CH~SEARCH_TG~BHV_DT~DT_FM~RMBAN_SZ~300X250_AD~AS_AS~DCM_RT~CPC_PK~CPI_CT~RM_PD~|NONE|NONE|NONE|RET|NONE|NONE|NONE,Phone - App - Display,Monitoring,438095,461330,0.949634751696,0.994823662021,1.0,0.0,0.0,0.0,0.0,0.0,0.0,0.0,0.260765359112,0.260765359112,NULL,0.0,NULL,0.0,NULL
N/A,GST_Q1_2018_GDN_PFX,Google Inc,PI~AUTO_PB~GOOG_DA~NONE_YQ~18Q1_BS~RAV4_IT~PPA_CH~SEARCH_TG~BHV_DT~DT_FM~RMBAN_SZ~300X250_AD~AS_AS~DCM_RT~CPC_PK~CPI_CT~RM_PD~|NONE|NONE|NONE|RET|NONE|NONE|NONE,Phone - Browser - Display,Monitoring,433166,458887,0.947328594861,0.969619971801,0.942720103206,0.0572798967938,0.0311362056454,0.00646782323317,0.0165160486133,3.48669716074e-05,0.0,0.00354553517533,0.480617130615,0.480617130615,NULL,0.0,NULL,0.310558799207,NULL
N/A,GST_Q1_2018_HIS_GDN_PFX,Google Inc,PI~AUTO_PB~GOOG_DA~NONE_YQ~18Q1_BS~TCMA_IT~PPA_CH~SEARCH_TG~BHV_DT~MO_FM~RMBAN_SZ~300X250_AD~AS_AS~DCM_RT~CPC_PK~CPI_CT~RM_PD~|NONE|NONE|NONE|RET|NONE|NONE|HIS,Phone - App - Display,Monitoring,425376,443059,0.960088836927,0.995754515764,1.0,0.0,0.0,0.0,0.0,0.0,0.0,0.0,0.310400680809,0.310400680809,NULL,0.0,NULL,0.0,NULL
N/A,GST_Q1_2018_GDN_PFX,Google Inc,PI~AUTO_PB~GOOG_DA~NONE_YQ~18Q1_BS~TCMA_IT~PPA_CH~SEARCH_TG~BHV_DT~DT_FM~RMBAN_SZ~300X250_AD~AS_AS~DCM_RT~CPC_PK~CPI_CT~RM_PD~|NONE|NONE|NONE|RET|NONE|NONE|NONE,Phone - App - Display,Monitoring,397361,422848,0.939725385954,0.991105550931,1.0,0.0,0.0,0.0,0.0,0.0,0.0,0.0,0.234325965558,0.234325965558,NULL,0.0,NULL,0.0,NULL
N/A,GST_Q1_2018_GDN_PFX,Google Inc,PI~AUTO_PB~GOOG_DA~NONE_YQ~18Q1_BS~RAV4_IT~PPA_CH~SEARCH_TG~CQT_DT~MO_FM~RMBAN_SZ~300X250_AD~AS_AS~DCM_RT~CPC_PK~CPI_CT~RM_PD~|NONE|NONE|NONE|NONE|NONE|NONE|NONE,Phone - App - Display,Monitoring,385931,407673,0.946668040317,0.979046932223,1.0,0.0,0.0,0.0,0.0,0.0,0.0,0.0,0.588742547243,0.588742547243,NULL,0.0,NULL,0.0,NULL
N/A,GST_Q1_2018_HIS_GDN_PFX,Google Inc,PI~AUTO_PB~GOOG_DA~NONE_YQ~18Q1_BS~TDRA_IT~PPA_CH~SEARCH_TG~BHV_DT~MO_FM~RMBAN_SZ~300X250_AD~AS_AS~DCM_RT~CPC_PK~CPI_CT~RM_PD~|NONE|NONE|NONE|RET|NONE|NONE|HIS,Phone - App - Display,Monitoring,387604,407345,0.951537394592,0.996364261253,1.0,0.0,0.0,0.0,0.0,0.0,0.0,0.0,0.320744883954,0.320744883954,NULL,0.0,NULL,0.0,NULL
N/A,GST_Q1_2018_GDN_PFX,Google Inc,PI~AUTO_PB~GOOG_DA~NONE_YQ~18Q1_BS~HGLR_IT~PPA_CH~SEARCH_TG~BHV_DT~MO_FM~RMBAN_SZ~300X250_AD~AS_AS~DCM_RT~CPC_PK~CPI_CT~RM_PD~|NONE|NONE|NONE|RET|NONE|NONE|NONE,Phone - App - Display,Monitoring,385532,401018,0.961383279554,0.993673600686,1.0,0.0,0.0,0.0,0.0,0.0,0.0,0.0,0.295609702956,0.295609702956,NULL,0.0,NULL,0.0,NULL
N/A,GST_Q1_2018_GDN_PFX,Google Inc,PI~AUTO_PB~GOOG_DA~NONE_YQ~18Q1_BS~TDRA_IT~PPA_CH~SEARCH_TG~BHV_DT~DT_FM~RMBAN_SZ~300X250_AD~AS_AS~DCM_RT~CPC_PK~CPI_CT~RM_PD~|NONE|NONE|NONE|RET|NONE|NONE|NONE,Phone - App - Display,Monitoring,380290,399071,0.952938198967,0.993046350148,1.0,0.0,0.0,0.0,0.0,0.0,0.0,0.0,0.263038733598,0.263038733598,NULL,0.0,NULL,0.0,NULL
N/A,GST_Q1_2018_GDN_PFX,Google Inc,PI~AUTO_PB~GOOG_DA~NONE_YQ~18Q1_BS~CMRY_IT~PPA_CH~SEARCH_TG~BHV_DT~MO_FM~RMBAN_SZ~300X250_AD~AS_AS~DCM_RT~CPC_PK~CPI_CT~RM_PD~|NONE|NONE|NONE|RET|NONE|NONE|NONE,Phone - App - Display,Monitoring,381460,398221,0.957910306086,0.992157621019,1.0,0.0,0.0,0.0,0.0,0.0,0.0,0.0,0.282936611965,0.282936611965,NULL,0.0,NULL,0.0,NULL
N/A,GST_Q1_2018_HIS_GDN_PFX,Google Inc,PI~AUTO_PB~GOOG_DA~NONE_YQ~18Q1_BS~CMRY_IT~PPA_CH~SEARCH_TG~BHV_DT~MO_FM~RMBAN_SZ~300X250_AD~AS_AS~DCM_RT~CPC_PK~CPI_CT~RM_PD~|NONE|NONE|NONE|RET|NONE|NONE|HIS,Phone - App - Display,Monitoring,376244,389714,0.965436191669,0.9971260976,1.0,0.0,0.0,0.0,0.0,0.0,0.0,0.0,0.327072325406,0.327072325406,NULL,0.0,NULL,0.0,NULL
N/A,GST_Q1_2018_HIS_GDN_PFX,Google Inc,PI~AUTO_PB~GOOG_DA~NONE_YQ~18Q1_BS~TDRA_IT~PPA_CH~SEARCH_TG~BHV_DT~MO_FM~RMBAN_SZ~320x50_AD~AS_AS~DCM_RT~CPC_PK~CPI_CT~RM_PD~|NONE|NONE|NONE|RET|NONE|NONE|HIS,Phone - App - Display,Monitoring,369655,381455,0.969065813792,0.969057949168,1.0,0.0,0.0,0.0,0.0,0.0,0.0,0.0,0.50518726921,0.50518726921,NULL,0.0,NULL,0.0,NULL
N/A,GST_FY_2018_Precision_Video_AMOB,Vivaki AOD,PI~AUTO_PB~PREC_DA~TRN_YQ~18Q1Q4_BS~TRCK_IT~PMPX_CH~VID_TTG~BHV_DT~MO_FM~VID_SZ~1x1_AD~AS_AS~DCM_RT~CPV_PK~CPCV_CT~VID_PD~|TEADS|AMBDT|NONE|PREFIL|NONE|RON|06SEC,Phone - Browser - Display,Monitoring,0,372087,0.0,0.33223412804,0.913990545222,0.086009454778,0.0146632373612,0.0102556660136,0.0579380628724,0.0,0.0,0.00349111901249,NULL,NULL,NULL,NULL,NULL,NULL,NULL
N/A,GST_Q1_2018_GDN_PFX,Google Inc,PI~AUTO_PB~GOOG_DA~NONE_YQ~18Q1_BS~RAV4_IT~PPA_CH~SEARCH_TG~BHV_DT~MO_FM~RMBAN_SZ~300X250_AD~AS_AS~DCM_RT~CPC_PK~CPI_CT~RM_PD~|NONE|NONE|NONE|RET|NONE|NONE|NONE,Phone - App - Display,Monitoring,335542,352313,0.952397442047,0.992222824591,1.0,0.0,0.0,0.0,0.0,0.0,0.0,0.0,0.252817829065,0.252817829065,NULL,0.0,NULL,0.0,NULL
N/A,GST_Q1_2018_GDN_PFX,Google Inc,PI~AUTO_PB~GOOG_DA~NONE_YQ~18Q1_BS~HGLR_IT~PPA_CH~SEARCH_TG~BHV_DT~DT_FM~RMBAN_SZ~300X250_AD~AS_AS~DCM_RT~CPC_PK~CPI_CT~RM_PD~|NONE|NONE|NONE|RET|NONE|NONE|NONE,Phone - App - Display,Monitoring,330543,344297,0.960051931908,0.993125121625,1.0,0.0,0.0,0.0,0.0,0.0,0.0,0.0,0.309914292543,0.309914292543,NULL,0.0,NULL,0.0,NULL
N/A,GST_Q1_2018_GDN_PFX,Google Inc,PI~AUTO_PB~GOOG_DA~NONE_YQ~18Q1_BS~CRLA_IT~PPA_CH~SEARCH_TG~BHV_DT~MO_FM~RMBAN_SZ~320x50_AD~AS_AS~DCM_RT~CPC_PK~CPI_CT~RM_PD~|NONE|NONE|NONE|RET|NONE|NONE|NONE,Phone - App - Display,Monitoring,333125,343481,0.969849860691,0.970531121081,1.0,0.0,0.0,0.0,0.0,0.0,0.0,0.0,0.518481050657,0.518481050657,NULL,0.0,NULL,0.0,NULL
N/A,GST_Q1_2018_GDN_PFX,Google Inc,PI~AUTO_PB~GOOG_DA~NONE_YQ~18Q1_BS~4RUN_IT~PPA_CH~SEARCH_TG~BHV_DT~MO_FM~RMBAN_SZ~300X250_AD~AS_AS~DCM_RT~CPC_PK~CPI_CT~RM_PD~|NONE|NONE|NONE|RET|NONE|NONE|NONE,Phone - App - Display,Monitoring,320872,333555,0.96197628577,0.994066945481,1.0,0.0,0.0,0.0,0.0,0.0,0.0,0.0,0.300527936373,0.300527936373,NULL,0.0,NULL,0.0,NULL
N/A,GST_FY_2018_Precision_Video_AMOB,Vivaki AOD,PI~AUTO_PB~PREC_DA~TRN_YQ~18Q1Q4_BS~RAV4_IT~PMPX_CH~VID_TTG~BHV_DT~MO_FM~VID_SZ~1x1_AD~AS_AS~DCM_RT~CPV_PK~CPCV_CT~VID_PD~|TEADS|AMBDT|NONE|PREFIL|NONE|RON|06SEC,Phone - Browser - Display,Monitoring,0,318745,0.0,0.333639743369,0.909774270969,0.090225729031,0.0181618535193,0.00987937065679,0.0588683744059,0.0,0.0,0.00365495929348,NULL,NULL,NULL,NULL,NULL,NULL,NULL
N/A,GST_Q1_2018_GDN_PFX,Google Inc,PI~AUTO_PB~GOOG_DA~NONE_YQ~18Q1_BS~RAV4_IT~PPA_CH~SEARCH_TG~BHV_DT~MO_FM~RMBAN_SZ~320x50_AD~AS_AS~DCM_RT~CPC_PK~CPI_CT~RM_PD~|NONE|NONE|NONE|RET|NONE|NONE|NONE,Phone - Browser - Display,Monitoring,299101,313722,0.956813957729,0.963547344464,0.960136681521,0.0398633184794,0.0181179515622,0.00686276384825,0.0116281293629,1.27501418453e-05,0.0,0.003544539433,0.61597587437,0.61597587437,NULL,0.0,NULL,0.529175829354,NULL
N/A,GST_Q1_2018_GDN_PFX,Google Inc,PI~AUTO_PB~GOOG_DA~NONE_YQ~18Q1_BS~RAV4_IT~PPA_CH~SEARCH_TG~BHV_DT~MO_FM~RMBAN_SZ~300X250_AD~AS_AS~DCM_RT~CPC_PK~CPI_CT~RM_PD~|NONE|NONE|NONE|RET|NONE|NONE|NONE,Phone - Browser - Display,Monitoring,289058,308406,0.940463369957,0.974160684293,0.940964183576,0.0590358164238,0.0317438700933,0.00682866092099,0.0173894152513,4.8637186047e-05,0.0,0.00338839062794,0.484030886535,0.484030886535,NULL,0.0,NULL,0.302928647969,NULL
N/A,GST_Q1_2018_HIS_GDN_PFX,Google Inc,PI~AUTO_PB~GOOG_DA~NONE_YQ~18Q1_BS~CRLA_IT~PPA_CH~SEARCH_TG~BHV_DT~MO_FM~RMBAN_SZ~300X250_AD~AS_AS~DCM_RT~CPC_PK~CPI_CT~RM_PD~|NONE|NONE|NONE|RET|NONE|NONE|HIS,Phone - App - Display,Monitoring,284716,296265,0.961018007527,0.996580763843,1.0,0.0,0.0,0.0,0.0,0.0,0.0,0.0,0.305241012096,0.305241012096,NULL,0.0,NULL,0.0,NULL
N/A,GST_Q1_2018_GDN_PFX,Google Inc,PI~AUTO_PB~GOOG_DA~NONE_YQ~18Q1_BS~CMRY_IT~PPA_CH~SEARCH_TG~BHV_DT~DT_FM~RMBAN_SZ~300X250_AD~AS_AS~DCM_RT~CPC_PK~CPI_CT~RM_PD~|NONE|NONE|NONE|RET|NONE|NONE|NONE,Phone - App - Display,Monitoring,270247,283552,0.953077389685,0.993539103939,1.0,0.0,0.0,0.0,0.0,0.0,0.0,0.0,0.298871032796,0.298871032796,NULL,0.0,NULL,0.0,NULL
N/A,GST_Q1_2018_GDN_PFX,Google Inc,PI~AUTO_PB~GOOG_DA~NONE_YQ~18Q1_BS~4RUN_IT~PPA_CH~SEARCH_TG~BHV_DT~DT_FM~RMBAN_SZ~300X250_AD~AS_AS~DCM_RT~CPC_PK~CPI_CT~RM_PD~|NONE|NONE|NONE|RET|NONE|NONE|NONE,Phone - App - Display,Monitoring,268217,279267,0.960432131258,0.994678927335,1.0,0.0,0.0,0.0,0.0,0.0,0.0,0.0,0.301807864528,0.301807864528,NULL,0.0,NULL,0.0,NULL
N/A,GST_Q1_2018_GDN_PFX,Google Inc,PI~AUTO_PB~GOOG_DA~NONE_YQ~18Q1_BS~TDRA_IT~PPA_CH~SEARCH_TG~BHV_DT~MO_FM~RMBAN_SZ~300X250_AD~AS_AS~DCM_RT~CPC_PK~CPI_CT~RM_PD~|NONE|NONE|NONE|RET|NONE|NONE|NONE,Phone - App - Display,Monitoring,256784,271771,0.944854307487,0.995176085749,1.0,0.0,0.0,0.0,0.0,0.0,0.0,0.0,0.255977786778,0.255977786778,NULL,0.0,NULL,0.0,NULL
N/A,GST_FY_2018_Precision_Video_AMOB,Vivaki AOD,PI~AUTO_PB~PREC_DA~TRN_YQ~18Q1Q4_BS~RAV4_IT~PMPX_CH~VID_TTG~BHV_DT~MO_FM~VID_SZ~1x1_AD~AS_AS~DCM_RT~CPV_PK~CPCV_CT~VID_PD~|TEADS|AMBDT|NONE|PREFIL|NONE|ENT|06SEC,Phone - Browser - Display,Monitoring,0,265449,0.0,0.682654671896,0.868223274527,0.131776725473,0.0112903043522,0.0103259006438,0.107109086868,4.52064238328e-05,0.0,0.0034884290391,NULL,NULL,NULL,NULL,NULL,NULL,NULL
N/A,GST_Q1_2018_GDN_PFX,Google Inc,PI~AUTO_PB~GOOG_DA~NONE_YQ~18Q1_BS~RAV4_IT~PPA_CH~SEARCH_TG~CQT_DT~DT_FM~RMBAN_SZ~300X250_AD~AS_AS~DCM_RT~CPC_PK~CPI_CT~RM_PD~|NONE|NONE|NONE|NONE|NONE|NONE|NONE,Phone - App - Display,Monitoring,248254,262961,0.944071554337,0.97630827385,1.0,0.0,0.0,0.0,0.0,0.0,0.0,0.0,0.59985740411,0.59985740411,NULL,0.0,NULL,0.0,NULL
N/A,GST_Q1_2018_GDN_PFX,Google Inc,PI~AUTO_PB~GOOG_DA~NONE_YQ~18Q1_BS~CMRY_IT~PPA_CH~SEARCH_TG~BHV_DT~DT_FM~RMBAN_SZ~728x90_AD~AS_AS~DCM_RT~CPC_PK~CPI_CT~RM_PD~|NONE|NONE|NONE|RET|NONE|NONE|NONE,Desktop - Display,Monitoring,213226,258499,0.847210743802,0.929423324655,0.913419394272,0.0865806057277,0.0267428500691,0.0205764819206,0.0162050917025,7.73697383742e-06,0.0,0.026317316508,0.671991220583,0.671991220583,NULL,0.0,NULL,0.416944061134,NULL
N/A,GST_FY_2018_Precision_Video_AMOB,Vivaki AOD,PI~AUTO_PB~PREC_DA~TRN_YQ~18Q1Q4_BS~TRCK_IT~PMPX_CH~VID_TTG~BHV_DT~MO_FM~VID_SZ~1x1_AD~AS_AS~DCM_RT~CPV_PK~CPCV_CT~VID_PD~|TEADS|AMBDT|NONE|PREFIL|NONE|ENT|06SEC,Phone - Browser - Display,Monitoring,0,249397,0.0,0.688051580412,0.856798598219,0.143201401781,0.0107940352129,0.0102206522131,0.11905917072,0.000156377181762,0.0,0.00346034635541,NULL,NULL,NULL,NULL,NULL,NULL,NULL
N/A,GST_Q1_2018_GDN_PFX,Google Inc,PI~AUTO_PB~GOOG_DA~NONE_YQ~18Q1_BS~RAV4_IT~PPA_CH~SEARCH_TG~BHV_DT~DT_FM~RMBAN_SZ~728x90_AD~AS_AS~DCM_RT~CPC_PK~CPI_CT~RM_PD~|NONE|NONE|NONE|RET|NONE|NONE|NONE,Desktop - Display,Monitoring,190583,233561,0.837381477543,0.938500006422,0.912682339945,0.0873176600545,0.0251583098206,0.0250213006452,0.0162612764974,8.56307345833e-06,0.0,0.0253937943407,0.664650047486,0.664650047486,NULL,0.0,NULL,0.405828866283,NULL
N/A,GST_Q1_2018_GDN_PFX,Google Inc,PI~AUTO_PB~GOOG_DA~NONE_YQ~18Q1_BS~TDRA_IT~PPA_CH~SEARCH_TG~CQT_DT~MO_FM~RMBAN_SZ~320x50_AD~AS_AS~DCM_RT~CPC_PK~CPI_CT~RM_PD~|NONE|NONE|NONE|NONE|NONE|NONE|NONE,Phone - App - Display,Monitoring,221125,231374,0.955703752366,0.975122528893,1.0,0.0,0.0,0.0,0.0,0.0,0.0,0.0,0.493842849067,0.493842849067,NULL,0.0,NULL,0.0,NULL
N/A,GST_Q1_2018_GDN_PFX,Google Inc,PI~AUTO_PB~GOOG_DA~NONE_YQ~18Q1_BS~CMRY_IT~PPA_CH~SEARCH_TG~BHV_DT~DT_FM~RMBAN_SZ~300X250_AD~AS_AS~DCM_RT~CPC_PK~CPI_CT~RM_PD~|NONE|NONE|NONE|RET|NONE|NONE|NONE,Phone - Browser - Display,Monitoring,211114,222832,0.950694172375,0.974155417534,0.950375170532,0.0496248294679,0.0249649960508,0.00692898686006,0.0145401019602,2.69261147412e-05,0.0,0.00342410425792,0.490095398695,0.490095398695,NULL,0.0,NULL,0.310086425647,NULL
N/A,GST_Q1_2018_HIS_GDN_PFX,Google Inc,PI~AUTO_PB~GOOG_DA~NONE_YQ~18Q1_BS~CRLA_IT~PPA_CH~SEARCH_TG~BHV_DT~DT_FM~RMBAN_SZ~300X250_AD~AS_AS~DCM_RT~CPC_PK~CPI_CT~RM_PD~|NONE|NONE|NONE|RET|NONE|NONE|HIS,Phone - App - Display,Monitoring,209487,219409,0.954778518657,0.99619432202,1.0,0.0,0.0,0.0,0.0,0.0,0.0,0.0,0.265940129936,0.265940129936,NULL,0.0,NULL,0.0,NULL
N/A,GST_Q1_2018_GDN_PFX,Google Inc,PI~AUTO_PB~GOOG_DA~NONE_YQ~18Q1_BS~HGLR_IT~PPA_CH~SEARCH_TG~BHV_DT~DT_FM~RMBAN_SZ~300X250_AD~AS_AS~DCM_RT~CPC_PK~CPI_CT~RM_PD~|NONE|NONE|NONE|RET|NONE|NONE|NONE,Phone - Browser - Display,Monitoring,204955,216824,0.948452988051,0.980048334133,0.949784156735,0.0502158432646,0.0261686898129,0.00657215068443,0.0143249824743,6.91805335203e-05,0.0,0.00334833782238,0.498163011393,0.498163011393,NULL,0.0,NULL,0.314784396976,NULL
N/A,GST_Q1_2018_GDN_PFX,Google Inc,PI~AUTO_PB~GOOG_DA~NONE_YQ~18Q1_BS~TCMA_IT~PPA_CH~SEARCH_TG~BHV_DT~DT_FM~RMBAN_SZ~300X250_AD~AS_AS~DCM_RT~CPC_PK~CPI_CT~RM_PD~|NONE|NONE|NONE|RET|NONE|NONE|NONE,Phone - Browser - Display,Monitoring,205231,216018,0.953299115126,0.983691173884,0.953216861558,0.0467831384422,0.0230258589562,0.00726791285911,0.0133831439973,2.31462192965e-05,0.0,0.00334694331028,0.492016313325,0.492016313325,NULL,0.0,NULL,0.30109193845,NULL
N/A,GST_Q1_2018_GDN_PFX,Google Inc,PI~AUTO_PB~GOOG_DA~NONE_YQ~18Q1_BS~CMRY_IT~PPA_CH~SEARCH_TG~BHV_DT~MO_FM~RMBAN_SZ~320x50_AD~AS_AS~DCM_RT~CPC_PK~CPI_CT~RM_PD~|NONE|NONE|NONE|RET|NONE|NONE|NONE,Phone - Browser - Display,Monitoring,205184,214902,0.958346956124,0.958418255763,0.959991065695,0.0400089343049,0.0188923323189,0.00733822858791,0.0102791039637,4.18795544015e-05,0.0,0.00369005407116,0.622285363381,0.622285363381,NULL,0.0,NULL,0.534056086862,NULL
N/A,GST_Q1_2018_GDN_PFX,Google Inc,PI~AUTO_PB~GOOG_DA~NONE_YQ~18Q1_BS~TCMA_IT~PPA_CH~SEARCH_TG~BHV_DT~MO_FM~RMBAN_SZ~320x50_AD~AS_AS~DCM_RT~CPC_PK~CPI_CT~RM_PD~|NONE|NONE|NONE|RET|NONE|NONE|NONE,Phone - Browser - Display,Monitoring,198071,208500,0.954549835664,0.935352517986,0.952302158273,0.0476978417266,0.0250791366906,0.00860431654676,0.00931894484412,0.000215827338129,0.0,0.00470503597122,0.621524604813,0.621524604813,NULL,0.0,NULL,0.527073157755,NULL
N/A,GST_Q1_2018_GDN_PFX,Google Inc,PI~AUTO_PB~GOOG_DA~NONE_YQ~18Q1_BS~TCMA_IT~PPA_CH~SEARCH_TG~BHV_DT~MO_FM~RMBAN_SZ~300X250_AD~AS_AS~DCM_RT~CPC_PK~CPI_CT~RM_PD~|NONE|NONE|NONE|RET|NONE|NONE|NONE,Phone - Browser - Display,Monitoring,193004,203989,0.949411672111,0.982758874253,0.954953453372,0.0450465466275,0.0217070528313,0.00702979082205,0.0131477677718,2.94133507199e-05,0.0,0.00339724200815,0.490699674618,0.490699674618,NULL,0.0,NULL,0.294941224187,NULL
N/A,GST_Q1_2018_HIS_GDN_PFX,Google Inc,PI~AUTO_PB~GOOG_DA~NONE_YQ~18Q1_BS~RAV4_IT~PPA_CH~SEARCH_TG~BHV_DT~MO_FM~RMBAN_SZ~300X250_AD~AS_AS~DCM_RT~CPC_PK~CPI_CT~RM_PD~|NONE|NONE|NONE|RET|NONE|NONE|HIS,Phone - App - Display,Monitoring,195403,202386,0.965496625261,0.997233010188,1.0,0.0,0.0,0.0,0.0,0.0,0.0,0.0,0.398038924684,0.398038924684,NULL,0.0,NULL,0.0,NULL
N/A,GST_Q1_2018_GDN_PFX,Google Inc,PI~AUTO_PB~GOOG_DA~NONE_YQ~18Q1_BS~HGLR_IT~PPA_CH~SEARCH_TG~BHV_DT~DT_FM~RMBAN_SZ~160x600_AD~AS_AS~DCM_RT~CPC_PK~CPI_CT~RM_PD~|NONE|NONE|NONE|RET|NONE|NONE|NONE,Phone - App - Display,Monitoring,189735,195686,0.969589035496,0.949178786423,1.0,0.0,0.0,0.0,0.0,0.0,0.0,0.0,0.148496587346,0.148496587346,NULL,0.0,NULL,0.0,NULL
N/A,GST_Q1_2018_GDN_PFX,Google Inc,PI~AUTO_PB~GOOG_DA~NONE_YQ~18Q1_BS~HGLR_IT~PPA_CH~SEARCH_TG~BHV_DT~MO_FM~RMBAN_SZ~320x50_AD~AS_AS~DCM_RT~CPC_PK~CPI_CT~RM_PD~|NONE|NONE|NONE|RET|NONE|NONE|NONE,Phone - Browser - Display,Monitoring,179878,189809,0.951262335135,0.959085185634,0.957546797043,0.0424532029567,0.021205527662,0.00704919155572,0.01073710941,2.10738163101e-05,0.0,0.00371952857873,0.602247078575,0.602247078575,NULL,0.0,NULL,0.506250195831,NULL
N/A,GST_Q1_2018_GDN_PFX,Google Inc,PI~AUTO_PB~GOOG_DA~NONE_YQ~18Q1_BS~HGLR_IT~PPA_CH~SEARCH_TG~CQT_DT~MO_FM~RMBAN_SZ~320x50_AD~AS_AS~DCM_RT~CPC_PK~CPI_CT~RM_PD~|NONE|NONE|NONE|NONE|NONE|NONE|NONE,Phone - App - Display,Monitoring,179409,186609,0.96141665193,0.980440386048,1.0,0.0,0.0,0.0,0.0,0.0,0.0,0.0,0.460617917719,0.460617917719,NULL,0.0,NULL,0.0,NULL
N/A,GST_Q1_2018_GDN_PFX,Google Inc,PI~AUTO_PB~GOOG_DA~NONE_YQ~18Q1_BS~CMRY_IT~PPA_CH~SEARCH_TG~BHV_DT~MO_FM~RMBAN_SZ~300X250_AD~AS_AS~DCM_RT~CPC_PK~CPI_CT~RM_PD~|NONE|NONE|NONE|RET|NONE|NONE|NONE,Phone - Browser - Display,Monitoring,171023,182174,0.94197446546,0.973629606859,0.945047042937,0.054952957063,0.0299384105306,0.00713054552241,0.014903334175,1.64677725691e-05,0.0,0.00335393634657,0.476549937728,0.476549937728,NULL,0.0,NULL,0.301998293751,NULL
N/A,GST_Q1_2018_GDN_PFX,Google Inc,PI~AUTO_PB~GOOG_DA~NONE_YQ~18Q1_BS~CMRY_IT~PPA_CH~SEARCH_TG~BHV_DT~DT_FM~RMBAN_SZ~728x90_AD~AS_AS~DCM_RT~CPC_PK~CPI_CT~RM_PD~|NONE|NONE|NONE|RET|NONE|NONE|NONE,Tablet - Browser - Display,Monitoring,164762,178713,0.926759026454,0.991103053499,0.943003586756,0.0569964132436,0.0301880669006,0.00451562001645,0.0175085192459,5.59556383699e-06,0.0,0.00517030098538,0.569336376106,0.569336376106,NULL,0.0,NULL,0.444522365168,NULL
N/A,GST_FY_2018_Precision_Display,AOD,PI~AUTO_PB~AMOB_DA~TRN_YQ~18Q1Q4_BS~RAV4_IT~POE_CH~DISPLAY_TG~BHV_DT~MO_FM~RMBAN_SZ~320x50_AD~AS_AS~DCM_RT~CPM_PK~CPI_CT~RM_PD~|NONE|NONE|NONE|PREFIL|NONE|NONE|NONE,Phone - Browser - Display,Blocking,153613,176515,0.953661913246,0.940141064499,0.912540010764,0.087459989236,0.00379004617171,0.0125938305526,0.0667195422485,1.13304818287e-05,0.0,0.00530833073676,0.632342314778,0.632342314778,NULL,0.0,NULL,0.540076294807,NULL
N/A,GST_Q1_2018_GDN_PFX,Google Inc,PI~AUTO_PB~GOOG_DA~NONE_YQ~18Q1_BS~HGLR_IT~PPA_CH~SEARCH_TG~BHV_DT~MO_FM~RMBAN_SZ~300X250_AD~AS_AS~DCM_RT~CPC_PK~CPI_CT~RM_PD~|NONE|NONE|NONE|RET|NONE|NONE|NONE,Phone - Browser - Display,Monitoring,165603,174932,0.949787219399,0.978488784213,0.95063796218,0.0493620378204,0.0247867742894,0.00676262776393,0.0148915006974,6.28815768413e-05,0.0,0.00325840898178,0.487871596529,0.487871596529,NULL,0.0,NULL,0.314546073597,NULL
N/A,GST_Q4_2017_Precision,AOD,MOD_CPM_DS_DBM_Q4_CMRY_IN-MARKET GOOGLE AFFINITY_GEO_RM_300x250,Phone - Browser - Display,Blocking,153062,171395,0.957780850891,0.960442253275,0.932401762012,0.0675982379883,0.00541439365209,0.0241955716328,0.0321946381166,0.00058344759182,0.0,0.00565944164065,0.374273170349,0.374273170349,NULL,0.0,NULL,0.272682929544,NULL
N/A,GST_Q1_2018_GDN_PFX,Google Inc,PI~AUTO_PB~GOOG_DA~NONE_YQ~18Q1_BS~TDRA_IT~PPA_CH~SEARCH_TG~BHV_DT~MO_FM~RMBAN_SZ~320x50_AD~AS_AS~DCM_RT~CPC_PK~CPI_CT~RM_PD~|NONE|NONE|NONE|RET|NONE|NONE|NONE,Phone - Browser - Display,Monitoring,158514,165653,0.961506732986,0.959650594918,0.957930131057,0.0420698689429,0.0192510850996,0.00801675792168,0.010298636306,3.62202918148e-05,0.0,0.00474485822774,0.608223879279,0.608223879279,NULL,0.0,NULL,0.526953856676,NULL
N/A,GST_Q1_2018_GDN_PFX,Google Inc,PI~AUTO_PB~GOOG_DA~NONE_YQ~18Q1_BS~TDRA_IT~PPA_CH~SEARCH_TG~BHV_DT~MO_FM~RMBAN_SZ~300X250_AD~AS_AS~DCM_RT~CPC_PK~CPI_CT~RM_PD~|NONE|NONE|NONE|RET|NONE|NONE|NONE,Phone - Browser - Display,Monitoring,151723,160537,0.948422868716,0.984259080461,0.946467169562,0.0535328304378,0.0277007792596,0.00778013791213,0.0148999919022,4.98327488367e-05,0.0,0.00346960513776,0.450992927902,0.450992927902,NULL,0.0,NULL,0.27962997266,NULL
N/A,GST_Q1_2018_HIS_GDN_PFX,Google Inc,PI~AUTO_PB~GOOG_DA~NONE_YQ~18Q1_BS~RAV4_IT~PPA_CH~SEARCH_TG~BHV_DT~DT_FM~RMBAN_SZ~300X250_AD~AS_AS~DCM_RT~CPC_PK~CPI_CT~RM_PD~|NONE|NONE|NONE|RET|NONE|NONE|HIS,Phone - App - Display,Monitoring,151132,157091,0.962066572878,0.996110534658,1.0,0.0,0.0,0.0,0.0,0.0,0.0,0.0,0.3513154064,0.3513154064,NULL,0.0,NULL,0.0,NULL
N/A,GST_Q1_2018_GDN_PFX,Google Inc,PI~AUTO_PB~GOOG_DA~NONE_YQ~18Q1_BS~CMRY_IT~PPA_CH~SEARCH_TG~BHV_DT~DT_FM~RMBAN_SZ~160x600_AD~AS_AS~DCM_RT~CPC_PK~CPI_CT~RM_PD~|NONE|NONE|NONE|RET|NONE|NONE|NONE,Desktop - Display,Monitoring,127723,145139,0.900123330632,0.95044750205,0.925319865784,0.0746801342162,0.0229366331586,0.0186924258814,0.014007262004,0.0,0.0,0.0222614183645,0.780251011956,0.780251011956,NULL,0.0,NULL,0.370110484692,NULL
N/A,GST_Q1_2018_GDN_PFX,Google Inc,PI~AUTO_PB~GOOG_DA~NONE_YQ~18Q1_BS~RAV4_IT~PPA_CH~SEARCH_TG~BHV_DT~DT_FM~RMBAN_SZ~160x600_AD~AS_AS~DCM_RT~CPC_PK~CPI_CT~RM_PD~|NONE|NONE|NONE|RET|NONE|NONE|NONE,Phone - App - Display,Monitoring,139328,142533,0.977513979219,0.969663165723,1.0,0.0,0.0,0.0,0.0,0.0,0.0,0.0,0.153156580156,0.153156580156,NULL,0.0,NULL,0.0,NULL
N/A,GST_Q4_2017_Precision,AOD,DIS-PRO_CPM_DS_DBM_Q4_HGLR_CUSTOM GOOGLE AFFINITY_GEO_RM_300x250,Phone - Browser - Display,Blocking,123569,139784,0.948567963215,0.966061924111,0.931930693069,0.0680693069307,0.00606650260402,0.0254964802839,0.0314055972071,0.000279001888628,0.0,0.00516511188691,0.320921914072,0.320921914072,NULL,0.0,NULL,0.226457908275,NULL
N/A,GST_Q1_2018_GDN_PFX,Google Inc,PI~AUTO_PB~GOOG_DA~NONE_YQ~18Q1_BS~TDRA_IT~PPA_CH~SEARCH_TG~BHV_DT~DT_FM~RMBAN_SZ~300X250_AD~AS_AS~DCM_RT~CPC_PK~CPI_CT~RM_PD~|NONE|NONE|NONE|RET|NONE|NONE|NONE,Phone - Browser - Display,Monitoring,127593,137139,0.933816856465,0.978598356412,0.946616206914,0.0533837930858,0.0253027949744,0.0077731352861,0.0169827693071,7.29187175056e-06,0.0,0.00362406026003,0.486100334658,0.486100334658,NULL,0.0,NULL,0.283301394046,NULL
N/A,GST_Q1_2018_GDN_PFX,Google Inc,PI~AUTO_PB~GOOG_DA~NONE_YQ~18Q1_BS~CMRY_IT~PPA_CH~SEARCH_TG~BHV_DT~DT_FM~RMBAN_SZ~160x600_AD~AS_AS~DCM_RT~CPC_PK~CPI_CT~RM_PD~|NONE|NONE|NONE|RET|NONE|NONE|NONE,Phone - App - Display,Monitoring,132458,135850,0.975031284505,0.975311004785,1.0,0.0,0.0,0.0,0.0,0.0,0.0,0.0,0.123495749596,0.123495749596,NULL,0.0,NULL,0.0,NULL
N/A,GST_Q1_2018_GDN_PFX,Google Inc,PI~AUTO_PB~GOOG_DA~NONE_YQ~18Q1_BS~TCMA_IT~PPA_CH~SEARCH_TG~BHV_DT~DT_FM~RMBAN_SZ~728x90_AD~AS_AS~DCM_RT~CPC_PK~CPI_CT~RM_PD~|NONE|NONE|NONE|RET|NONE|NONE|NONE,Desktop - Display,Monitoring,112212,135446,0.849241667423,0.927373270528,0.915840999365,0.0841590006349,0.0247847850804,0.0206281470106,0.0169809370524,0.0,0.0,0.0244377833232,0.69709122019,0.69709122019,NULL,0.0,NULL,0.436241399654,NULL
N/A,GST_FY_2018_Precision_Display,AOD,PI~AUTO_PB~AMOB_DA~DBM_YQ~18Q1Q4_BS~RAV4_IT~POE_CH~DISPLAY_TG~CON_DT~MO_FM~RMBAN_SZ~300X250_AD~AS_AS~DCM_RT~CPM_PK~CPI_CT~RM_PD~|NONE|NONE|NONE|CAF|NONE|RET|NONE,Phone - Browser - Display,Blocking,113335,128550,0.946596062775,0.96005445352,0.931380785687,0.0686192143135,0.00163360560093,0.0184130688448,0.0449786075457,7.77907429016e-06,0.0,0.00406067677946,0.448237525919,0.448237525919,NULL,0.0,NULL,0.290366719593,NULL
N/A,GST_Q1_2018_GDN_PFX,Google Inc,PI~AUTO_PB~GOOG_DA~NONE_YQ~18Q1_BS~CRLA_IT~PPA_CH~SEARCH_TG~BHV_DT~DT_FM~RMBAN_SZ~300X250_AD~AS_AS~DCM_RT~CPC_PK~CPI_CT~RM_PD~|NONE|NONE|NONE|RET|NONE|NONE|NONE,Phone - Browser - Display,Monitoring,117507,125666,0.939094367368,0.971129820317,0.9362436936,0.0637563063995,0.0341460697404,0.00642974233285,0.0195359126574,3.18304075884e-05,0.0,0.00426527461684,0.416553907427,0.416553907427,NULL,0.0,NULL,0.26664658959,NULL
N/A,GST_FY_2018_Precision_Display,AOD,PI~AUTO_PB~AMOB_DA~TRN_YQ~18Q1Q4_BS~RAV4_IT~POE_CH~DISPLAY_TG~BHV_DT~MO_FM~RMBAN_SZ~300X250_AD~AS_AS~DCM_RT~CPM_PK~CPI_CT~RM_PD~|NONE|NONE|NONE|PREFIL|NONE|NONE|NONE,Phone - Browser - Display,Blocking,105844,124727,0.954641797372,0.936300881124,0.888925413102,0.111074586898,0.00563630970039,0.012371018304,0.0903653579417,0.0,0.0,0.00359986209882,0.376053437134,0.376053437134,NULL,0.0,NULL,0.245365164166,NULL
N/A,GST_FY_2018_Precision_Display,AOD,PI~AUTO_PB~AMOB_DA~DBM_YQ~18Q1Q4_BS~CRLA_IT~POE_CH~DISPLAY_TG~CON_DT~MO_FM~RMBAN_SZ~300X250_AD~AS_AS~DCM_RT~CPM_PK~CPI_CT~RM_PD~|NONE|NONE|NONE|CAF|NONE|RET|NONE,Phone - Browser - Display,Blocking,104215,118180,0.946961436412,0.95604163141,0.931223557285,0.0687764427145,0.00224234218988,0.0185395159926,0.044508377052,0.0,0.0,0.00381621255712,0.451518495418,0.451518495418,NULL,0.0,NULL,0.293009250032,NULL
N/A,GST_Q1_2018_Endemic,Kelly Blue Book,PI~AUTO_PB~KBB_DA~NONE_YQ~18Q1_BS~CMRY_IT~DIR_CH~DISPLAY_TG~BHV_DT~MO_FM~RMBAN_SZ~300X50_AD~AS_AS~DCM_RT~CPM_PK~CPI_CT~RM_PD~|NONE|NONE|NONE|RET|NONE|NONE|NONE,Phone - Browser - Display,Monitoring,117689,118017,0.999855572358,0.999991526644,0.997364786429,0.00263521357093,0.0,0.0,0.0,0.0,0.0,0.00263521357093,0.494311278029,0.494311278029,NULL,0.0,NULL,0.416842244372,NULL
N/A,GST_FY_2018_Precision_Hispanic_Display,AOD,PI~AUTO_PB~AMOB_DA~NONE_YQ~18Q1Q4_BS~RAV4_IT~POE_CH~DISPLAY_TG~BHV_DT~DT_FM~RMBAN_SZ~300X250_AD~AS_AS~DCM_RT~CPM_PK~CPI_CT~RM_PD~|NONE|NONE|NONE|BRL|NONE|NONE|HIS,Desktop - Display,Blocking,99719,117310,0.963226629059,0.905182848862,0.882499360668,0.117500639332,0.00277043730287,0.049075100162,0.0512573523144,0.0,0.0,0.0163583667207,0.564596516211,0.564596516211,NULL,0.0,NULL,0.437530648058,NULL
N/A,GST_FY_2018_Precision_Display,AOD,PI~AUTO_PB~AMOB_DA~TRN_YQ~18Q1Q4_BS~CRLA_IT~POE_CH~DISPLAY_TG~BHV_DT~MO_FM~RMBAN_SZ~320x50_AD~AS_AS~DCM_RT~CPM_PK~CPI_CT~RM_PD~|NONE|NONE|NONE|PREFIL|NONE|NONE|NONE,Phone - Browser - Display,Blocking,96976,112536,0.950279274865,0.94621276747,0.906820928414,0.093179071586,0.00502950167058,0.0127425890382,0.0706529466126,2.66581360631e-05,0.0,0.00591810620601,0.632909173404,0.632909173404,NULL,0.0,NULL,0.535983350854,NULL
N/A,GST_Q1_2018_GDN_PFX,Google Inc,PI~AUTO_PB~GOOG_DA~NONE_YQ~18Q1_BS~TDRA_IT~PPA_CH~SEARCH_TG~CQT_DT~MO_FM~RMBAN_SZ~300X250_AD~AS_AS~DCM_RT~CPC_PK~CPI_CT~RM_PD~|NONE|NONE|NONE|NONE|NONE|NONE|NONE,Phone - App - Display,Monitoring,105669,112407,0.940057113881,0.994866867722,1.0,0.0,0.0,0.0,0.0,0.0,0.0,0.0,0.221171772232,0.221171772232,NULL,0.0,NULL,0.0,NULL
N/A,GST_Q1_2018_GDN_PFX,Google Inc,PI~AUTO_PB~GOOG_DA~NONE_YQ~18Q1_BS~CRLA_IT~PPA_CH~SEARCH_TG~BHV_DT~MO_FM~RMBAN_SZ~300X250_AD~AS_AS~DCM_RT~CPC_PK~CPI_CT~RM_PD~|NONE|NONE|NONE|RET|NONE|NONE|NONE,Phone - Browser - Display,Monitoring,103644,111322,0.934167357681,0.968910008803,0.936760029464,0.0632399705359,0.0331381038788,0.00691687177737,0.0201846894594,6.28806525215e-05,0.0,0.00335962343472,0.440835938405,0.440835938405,NULL,0.0,NULL,0.279510511276,NULL
N/A,GST_FY_2018_Precision_Display,AOD,PI~AUTO_PB~AMOB_DA~DBM_YQ~18Q1Q4_BS~CMRY_IT~POE_CH~DISPLAY_TG~CQT_DT~MO_FM~RMBAN_SZ~300X250_AD~AS_AS~DCM_RT~CPM_PK~CPI_CT~RM_PD~|NONE|NONE|NONE|CAF|NONE|NONE|NONE,Phone - Browser - Display,Blocking,96599,109475,0.944059497865,0.962247088376,0.934670015985,0.0653299840146,0.0028591002512,0.0188079470199,0.040429321763,0.0,0.0,0.00348938113725,0.449052267622,0.449052267622,NULL,0.0,NULL,0.290294128383,NULL
N/A,GST_Q1_2018_GDN_PFX,Google Inc,PI~AUTO_PB~GOOG_DA~NONE_YQ~18Q1_BS~TDRA_IT~PPA_CH~SEARCH_TG~CQT_DT~DT_FM~RMBAN_SZ~300X250_AD~AS_AS~DCM_RT~CPC_PK~CPI_CT~RM_PD~|NONE|NONE|NONE|NONE|NONE|NONE|NONE,Phone - App - Display,Monitoring,101633,108029,0.940793675772,0.994631071286,1.0,0.0,0.0,0.0,0.0,0.0,0.0,0.0,0.227770507611,0.227770507611,NULL,0.0,NULL,0.0,NULL
N/A,GST_FY_2018_Precision_Display,AOD,PI~AUTO_PB~AMOB_DA~DBM_YQ~18Q1Q4_BS~RAV4_IT~POE_CH~DISPLAY_TG~CQT_DT~MO_FM~RMBAN_SZ~300X250_AD~AS_AS~DCM_RT~CPM_PK~CPI_CT~RM_PD~|NONE|NONE|NONE|CAF|NONE|NONE|NONE,Phone - Browser - Display,Blocking,95176,107364,0.948487717375,0.95341082672,0.934624268842,0.0653757311576,0.00201184754666,0.0147442345665,0.0455273648523,0.0,0.0,0.00339033568049,0.448852651929,0.448852651929,NULL,0.0,NULL,0.293599188083,NULL
N/A,GST_Q1_2018_GDN_PFX,Google Inc,PI~AUTO_PB~GOOG_DA~NONE_YQ~18Q1_BS~4RUN_IT~PPA_CH~SEARCH_TG~BHV_DT~MO_FM~RMBAN_SZ~320x50_AD~AS_AS~DCM_RT~CPC_PK~CPI_CT~RM_PD~|NONE|NONE|NONE|RET|NONE|NONE|NONE,Phone - Browser - Display,Monitoring,102019,106559,0.962062201769,0.932065803921,0.955724058972,0.044275941028,0.0213121369382,0.00838033389953,0.00999446316125,8.44602520669e-05,0.0,0.00476731200556,0.620109979514,0.620109979514,NULL,0.0,NULL,0.53552940545,NULL
N/A,GST_Q1_2018_GDN_PFX,Google Inc,PI~AUTO_PB~GOOG_DA~NONE_YQ~18Q1_BS~CMRY_IT~PPA_CH~SEARCH_TG~CQT_DT~MO_FM~RMBAN_SZ~320x50_AD~AS_AS~DCM_RT~CPC_PK~CPI_CT~RM_PD~|NONE|NONE|NONE|NONE|NONE|NONE|NONE,Phone - Browser - Display,Monitoring,101320,105970,0.959833270178,0.981258846843,0.979088421251,0.0209115787487,0.00369916013966,0.0113239596112,0.00228366518826,0.0,0.0,0.00385014626781,0.545884326885,0.545884326885,NULL,0.0,NULL,0.477270093142,NULL
N/A,GST_Q1_2018_GDN_PFX,Google Inc,PI~AUTO_PB~GOOG_DA~NONE_YQ~18Q1_BS~TCMA_IT~PPA_CH~SEARCH_TG~BHV_DT~DT_FM~RMBAN_SZ~160x600_AD~AS_AS~DCM_RT~CPC_PK~CPI_CT~RM_PD~|NONE|NONE|NONE|RET|NONE|NONE|NONE,Phone - App - Display,Monitoring,101873,105214,0.968245670728,0.941823331496,1.0,0.0,0.0,0.0,0.0,0.0,0.0,0.0,0.13916346824,0.13916346824,NULL,0.0,NULL,0.0,NULL
N/A,GST_FY_2018_Precision_Display,AOD,PI~AUTO_PB~AMOB_DA~DBM_YQ~18Q1Q4_BS~CRLA_IT~POE_CH~DISPLAY_TG~CQT_DT~MO_FM~RMBAN_SZ~300X250_AD~AS_AS~DCM_RT~CPM_PK~CPI_CT~RM_PD~|NONE|NONE|NONE|CAF|NONE|NONE|NONE,Phone - Browser - Display,Blocking,90891,102722,0.946998270437,0.956134031658,0.934347072682,0.0656529273184,0.00203461770604,0.015975156247,0.0451996651156,0.0,0.0,0.00275500866416,0.451650878525,0.451650878525,NULL,0.0,NULL,0.292280952296,NULL
N/A,GST_Q4_2017_Precision,AOD,MOD_CPM_DS_DBM_Q4_TDRA_IN-MARKET GOOGLE AFFINITY_GEO_RM_300x250,Phone - Browser - Display,Blocking,90849,102325,0.963475549617,0.960058636697,0.921505008551,0.0784949914488,0.00445638895676,0.0296897141461,0.0366674810652,0.00235524065478,0.0,0.00555094063034,0.480753778247,0.480753778247,NULL,0.0,NULL,0.334569552214,NULL
N/A,GST_FY_2018_Precision_Video_AMOB,Vivaki AOD,PI~AUTO_PB~PREC_DA~TRN_YQ~18Q1Q4_BS~RAV4_IT~PMPX_CH~VID_TG~BHV_DT~DT_FM~VID_SZ~1x1_AD~AS_AS~DCM_RT~CPV_PK~CPCV_CT~VID_PD~|TEADS|AMBDT|NONE|PREFIL|NONE|ENT|06SEC,Desktop - Video,Monitoring,96850,98048,0.999329309188,0.988781005222,0.850736374021,0.149263625979,0.0145744941253,0.0155944027415,0.10823270235,0.00131568211488,0.0,0.0115555646214,0.461053175013,NULL,0.461053175013,NULL,0.0,NULL,0.204780530307
N/A,GST_Q1_2018_HIS_GDN_PFX,Google Inc,PI~AUTO_PB~GOOG_DA~NONE_YQ~18Q1_BS~TCMA_IT~PPA_CH~SEARCH_TG~BHV_DT~DT_FM~RMBAN_SZ~300X250_AD~AS_AS~DCM_RT~CPC_PK~CPI_CT~RM_PD~|NONE|NONE|NONE|RET|NONE|NONE|HIS,Phone - App - Display,Monitoring,91933,96520,0.952476170742,0.995731454621,1.0,0.0,0.0,0.0,0.0,0.0,0.0,0.0,0.264072748632,0.264072748632,NULL,0.0,NULL,0.0,NULL
N/A,GST_Q1_2018_GDN_PFX,Google Inc,PI~AUTO_PB~GOOG_DA~NONE_YQ~18Q1_BS~4RUN_IT~PPA_CH~SEARCH_TG~CQT_DT~DT_FM~RMBAN_SZ~160x600_AD~AS_AS~DCM_RT~CPC_PK~CPI_CT~RM_PD~|NONE|NONE|NONE|NONE|NONE|NONE|NONE,Phone - App - Display,Monitoring,94028,96025,0.979203332466,0.995032543608,1.0,0.0,0.0,0.0,0.0,0.0,0.0,0.0,0.0478899902157,0.0478899902157,NULL,0.0,NULL,0.0,NULL
N/A,GST_Q1_2018_GDN_PFX,Google Inc,PI~AUTO_PB~GOOG_DA~NONE_YQ~18Q1_BS~CRLA_IT~PPA_CH~SEARCH_TG~BHV_DT~DT_FM~RMBAN_SZ~728x90_AD~AS_AS~DCM_RT~CPC_PK~CPI_CT~RM_PD~|NONE|NONE|NONE|RET|NONE|NONE|NONE,Tablet - Browser - Display,Monitoring,88300,93220,0.953254885026,0.993134520489,0.952703282557,0.0472967174426,0.0279339197597,0.00390474147179,0.00965458056211,0.0,0.0,0.00631838661231,0.555662514156,0.555662514156,NULL,0.0,NULL,0.464520405005,NULL
N/A,GST_Q1_2018_GDN_PFX,Google Inc,PI~AUTO_PB~GOOG_DA~NONE_YQ~18Q1_BS~CRLA_IT~PPA_CH~SEARCH_TG~BHV_DT~DT_FM~RMBAN_SZ~728x90_AD~AS_AS~DCM_RT~CPC_PK~CPI_CT~RM_PD~|NONE|NONE|NONE|RET|NONE|NONE|NONE,Desktop - Display,Monitoring,73286,91641,0.824828362409,0.932955773071,0.909680164992,0.0903198350083,0.0255780709508,0.0280114795779,0.0147641339575,1.09121463101e-05,0.0,0.0302157331325,0.673511994105,0.673511994105,NULL,0.0,NULL,0.399163439624,NULL
N/A,GST_Q1_2018_GDN_PFX,Google Inc,PI~AUTO_PB~GOOG_DA~NONE_YQ~18Q1_BS~TDRA_IT~PPA_CH~SEARCH_TG~BHV_DT~DT_FM~RMBAN_SZ~160x600_AD~AS_AS~DCM_RT~CPC_PK~CPI_CT~RM_PD~|NONE|NONE|NONE|RET|NONE|NONE|NONE,Phone - App - Display,Monitoring,87362,89490,0.976220806794,0.960375460945,1.0,0.0,0.0,0.0,0.0,0.0,0.0,0.0,0.15567409171,0.15567409171,NULL,0.0,NULL,0.0,NULL
N/A,GST_Q1_2018_GDN_PFX,Google Inc,PI~AUTO_PB~GOOG_DA~NONE_YQ~18Q1_BS~CRLA_IT~PPA_CH~SEARCH_TG~BHV_DT~MO_FM~RMBAN_SZ~300X250_AD~AS_AS~DCM_RT~CPC_PK~CPI_CT~RM_PD~|NONE|NONE|NONE|RET|NONE|NONE|NONE,Phone - App - Display,Monitoring,86298,89116,0.96837829346,0.99187575744,1.0,0.0,0.0,0.0,0.0,0.0,0.0,0.0,0.291362488123,0.291362488123,NULL,0.0,NULL,0.0,NULL
N/A,GST_FY_2018_Precision_Display,AOD,PI~AUTO_PB~AMOB_DA~TRN_YQ~18Q1Q4_BS~CRLA_IT~POE_CH~DISPLAY_TG~BHV_DT~MO_FM~RMBAN_SZ~300X250_AD~AS_AS~DCM_RT~CPM_PK~CPI_CT~RM_PD~|NONE|NONE|NONE|PREFIL|NONE|NONE|NONE,Phone - Browser - Display,Blocking,73588,87908,0.952496828807,0.941791418301,0.878850616554,0.121149383446,0.00618828775538,0.0132411157119,0.0985007052828,0.0,0.0,0.0039928106657,0.400581616568,0.400581616568,NULL,0.0,NULL,0.256805405756,NULL
N/A,GST_Q1_2018_GDN_PFX,Google Inc,PI~AUTO_PB~GOOG_DA~NONE_YQ~18Q1_BS~TDRA_IT~PPA_CH~SEARCH_TG~CQT_DT~DT_FM~RMBAN_SZ~160x600_AD~AS_AS~DCM_RT~CPC_PK~CPI_CT~RM_PD~|NONE|NONE|NONE|NONE|NONE|NONE|NONE,Phone - App - Display,Monitoring,83628,87692,0.95365597774,0.98808329152,1.0,0.0,0.0,0.0,0.0,0.0,0.0,0.0,0.0350959008944,0.0350959008944,NULL,0.0,NULL,0.0,NULL
N/A,GST_Q1_2018_GDN_PFX,Google Inc,PI~AUTO_PB~GOOG_DA~NONE_YQ~18Q1_BS~CRLA_IT~PPA_CH~SEARCH_TG~CQT_DT~DT_FM~RMBAN_SZ~300X250_AD~AS_AS~DCM_RT~CPC_PK~CPI_CT~RM_PD~|NONE|NONE|NONE|NONE|NONE|NONE|NONE,Phone - App - Display,Monitoring,82696,87031,0.950190162126,0.953683170365,1.0,0.0,0.0,0.0,0.0,0.0,0.0,0.0,0.551441424011,0.551441424011,NULL,0.0,NULL,0.0,NULL
N/A,GST_FY_2018_Precision_Display,AOD,PI~AUTO_PB~AMOB_DA~TRN_YQ~18Q1Q4_BS~RAV4_IT~POE_CH~DISPLAY_TG~BHV_DT~DT_FM~RMBAN_SZ~300X250_AD~AS_AS~DCM_RT~CPM_PK~CPI_CT~RM_PD~|NONE|NONE|NONE|PREFIL|NONE|NONE|NONE,Desktop - Display,Blocking,70323,85705,0.922027009309,0.964821188962,0.889913073916,0.110086926084,0.00849425354413,0.0191470742664,0.0648270229275,7.0007584155e-05,0.0,0.0201038445832,0.752897345108,0.752897345108,NULL,0.0,NULL,0.547411535942,NULL
N/A,GST_FY_2018_Precision_Display,AOD,PI~AUTO_PB~AMOB_DA~DBM_YQ~18Q1Q4_BS~CMRY_IT~POE_CH~DISPLAY_TG~CON_DT~MO_FM~RMBAN_SZ~300X250_AD~AS_AS~DCM_RT~CPM_PK~CPI_CT~RM_PD~|NONE|NONE|NONE|CAF|NONE|RET|NONE,Phone - Browser - Display,Blocking,75584,85176,0.94952388131,0.95718277449,0.934559030713,0.0654409692871,0.00214849253311,0.0165539588617,0.044120409505,0.0,0.0,0.0027355123509,0.448123941575,0.448123941575,NULL,0.0,NULL,0.293654383803,NULL
N/A,GST_FY_2018_Precision_Display,AOD,PI~AUTO_PB~AMOB_DA~TRN_YQ~18Q1Q4_BS~CRLA_IT~POE_CH~DISPLAY_TG~DMP1_DT~MO_FM~RMBAN_SZ~300X250_AD~AS_AS~DCM_RT~CPM_PK~CPI_CT~RM_PD~|NONE|NONE|NONE|MRK|208079|NONE|NONE,Phone - Browser - Display,Blocking,68369,83907,0.936946690421,0.91202164301,0.869653306637,0.130346693363,0.00567294742989,0.00415936691814,0.116426519837,1.19179567855e-05,0.0,0.00465992110313,0.420629232547,0.420629232547,NULL,0.0,NULL,0.239924473633,NULL
N/A,GST_Q1_2018_GDN_PFX,Google Inc,PI~AUTO_PB~GOOG_DA~NONE_YQ~18Q1_BS~CRLA_IT~PPA_CH~SEARCH_TG~CQT_DT~MO_FM~RMBAN_SZ~300X250_AD~AS_AS~DCM_RT~CPC_PK~CPI_CT~RM_PD~|NONE|NONE|NONE|NONE|NONE|NONE|NONE,Phone - App - Display,Monitoring,79039,83334,0.948460412317,0.955372357021,1.0,0.0,0.0,0.0,0.0,0.0,0.0,0.0,0.562405900884,0.562405900884,NULL,0.0,NULL,0.0,NULL
N/A,GST_FY_2018_Precision_Video_AMOB,Vivaki AOD,PI~AUTO_PB~PREC_DA~TRN_YQ~18Q1Q4_BS~TRCK_IT~PMPX_CH~VID_TG~BHV_DT~DT_FM~VID_SZ~1x1_AD~AS_AS~DCM_RT~CPV_PK~CPCV_CT~VID_PD~|TEADS|AMBDT|NONE|PREFIL|NONE|RON|06SEC,Desktop - Video,Monitoring,81868,83291,0.999267649644,0.999855926811,0.724339964702,0.275660035298,0.0377351694661,0.0197380269177,0.206781044771,0.0,0.0,0.0162202398819,0.71516343382,NULL,0.71516343382,NULL,0.0,NULL,0.402409798042
N/A,GST_Q1_2018_GDN_PFX,Google Inc,PI~AUTO_PB~GOOG_DA~NONE_YQ~18Q1_BS~4RUN_IT~PPA_CH~SEARCH_TG~BHV_DT~MO_FM~RMBAN_SZ~300X250_AD~AS_AS~DCM_RT~CPC_PK~CPI_CT~RM_PD~|NONE|NONE|NONE|RET|NONE|NONE|NONE,Phone - Browser - Display,Monitoring,78980,83170,0.952783072357,0.97933148972,0.957628952747,0.0423710472526,0.0199350727426,0.00674522063244,0.012612720933,3.60706985692e-05,0.0,0.00331850426837,0.504899974677,0.504899974677,NULL,0.0,NULL,0.317629468727,NULL
N/A,GST_Q1_2018_GDN_PFX,Google Inc,PI~AUTO_PB~GOOG_DA~NONE_YQ~18Q1_BS~CMRY_IT~PPA_CH~SEARCH_TG~CQT_DT~MO_FM~RMBAN_SZ~320x50_AD~AS_AS~DCM_RT~CPC_PK~CPI_CT~RM_PD~|NONE|NONE|NONE|NONE|NONE|NONE|NONE,Phone - App - Display,Monitoring,78700,82996,0.948238469324,0.876126560316,1.0,0.0,0.0,0.0,0.0,0.0,0.0,0.0,0.470559085133,0.470559085133,NULL,0.0,NULL,0.0,NULL
N/A,GST_Q1_2018_GDN_PFX,Google Inc,PI~AUTO_PB~GOOG_DA~NONE_YQ~18Q1_BS~CMRY_IT~PPA_CH~SEARCH_TG~BHV_DT~MO_FM~RMBAN_SZ~300X250_AD~AS_AS~DCM_RT~CPC_PK~CPI_CT~RM_PD~|NONE|NONE|NONE|RET|NONE|NONE|NONE,Desktop - Display,Monitoring,71199,82944,0.882541059808,0.968340084877,0.91194058642,0.0880594135802,0.028995466821,0.0254991319444,0.0122010030864,7.2337962963e-05,0.0,0.0272111304012,0.70378797455,0.70378797455,NULL,0.0,NULL,0.452564135648,NULL
N/A,GST_FY_2018_Precision_Display,AOD,PI~AUTO_PB~AMOB_DA~DBM_YQ~18Q1Q4_BS~TDRA_IT~POE_CH~DISPLAY_TG~CQT_DT~MO_FM~RMBAN_SZ~300X250_AD~AS_AS~DCM_RT~CPM_PK~CPI_CT~RM_PD~|NONE|NONE|NONE|CAF|NONE|NONE|NONE,Phone - Browser - Display,Blocking,72641,82818,0.947746783916,0.956845130286,0.925475138255,0.074524861745,0.00257190465841,0.0181603033157,0.0510396290661,0.0,0.0,0.00301866743945,0.449319254966,0.449319254966,NULL,0.0,NULL,0.2952252947,NULL
N/A,GST_Q1_2018_GDN_PFX,Google Inc,PI~AUTO_PB~GOOG_DA~NONE_YQ~18Q1_BS~CRLA_IT~PPA_CH~SEARCH_TG~BHV_DT~MO_FM~RMBAN_SZ~320x50_AD~AS_AS~DCM_RT~CPC_PK~CPI_CT~RM_PD~|NONE|NONE|NONE|RET|NONE|NONE|NONE,Phone - Browser - Display,Monitoring,75709,79588,0.954307106663,0.970711665075,0.955822485802,0.0441775141981,0.019801980198,0.00716188370106,0.0144745439011,1.25647082475e-05,0.0,0.00319143589486,0.5755854654,0.5755854654,NULL,0.0,NULL,0.492170305202,NULL
N/A,GST_FY_2018_Precision_Display,AOD,PI~AUTO_PB~AMOB_DA~DBM_YQ~18Q1Q4_BS~RAV4_IT~POE_CH~DISPLAY_TG~CON_DT~DT_FM~RMBAN_SZ~728X90_AD~AS_AS~DCM_RT~CPM_PK~CPI_CT~RM_PD~|NONE|NONE|NONE|CAF|NONE|RET|NONE,Desktop - Display,Blocking,61491,78360,0.843174089513,0.885375191424,0.930678917815,0.0693210821848,0.00102092904543,0.0269397651863,0.0218478815722,0.0,0.0,0.020303726391,0.576198142818,0.576198142818,NULL,0.0,NULL,0.351654188528,NULL
N/A,GST_FY_2018_Precision_Display,AOD,PI~AUTO_PB~AMOB_DA~TRN_YQ~18Q1Q4_BS~4RUN_IT~POE_CH~DISPLAY_TG~BHV_DT~DT_FM~RMBAN_SZ~300X250_AD~AS_AS~DCM_RT~CPM_PK~CPI_CT~RM_PD~|NONE|NONE|NONE|PREFIL|NONE|NONE|NONE,Desktop - Display,Blocking,64626,77735,0.939181235558,0.954383482344,0.885199716987,0.114800283013,0.00876053257863,0.0195021547565,0.0737634270277,0.0,0.0,0.0150254068309,0.739114288367,0.739114288367,NULL,0.0,NULL,0.557722881679,NULL
N/A,GST_Q1_2018_GDN_PFX,Google Inc,PI~AUTO_PB~GOOG_DA~NONE_YQ~18Q1_BS~TCMA_IT~PPA_CH~SEARCH_TG~CQT_DT~DT_FM~RMBAN_SZ~300X250_AD~AS_AS~DCM_RT~CPC_PK~CPI_CT~RM_PD~|NONE|NONE|NONE|NONE|NONE|NONE|NONE,Phone - App - Display,Monitoring,72730,76849,0.946401384533,0.979505263569,1.0,0.0,0.0,0.0,0.0,0.0,0.0,0.0,0.673738484807,0.673738484807,NULL,0.0,NULL,0.0,NULL
N/A,GST_Q1_2018_HIS_GDN_PFX,Google Inc,PI~AUTO_PB~GOOG_DA~NONE_YQ~18Q1_BS~RAV4_IT~PPA_CH~SEARCH_TG~BHV_DT~DT_FM~RMBAN_SZ~160x600_AD~AS_AS~DCM_RT~CPC_PK~CPI_CT~RM_PD~|NONE|NONE|NONE|RET|NONE|NONE|HIS,Phone - App - Display,Monitoring,74647,76635,0.974058850395,0.971827493965,1.0,0.0,0.0,0.0,0.0,0.0,0.0,0.0,0.156831486865,0.156831486865,NULL,0.0,NULL,0.0,NULL
N/A,GST_Q1_2018_GDN_PFX,Google Inc,PI~AUTO_PB~GOOG_DA~NONE_YQ~18Q1_BS~CRLA_IT~PPA_CH~SEARCH_TG~BHV_DT~DT_FM~RMBAN_SZ~300X250_AD~AS_AS~DCM_RT~CPC_PK~CPI_CT~RM_PD~|NONE|NONE|NONE|RET|NONE|NONE|NONE,Phone - App - Display,Monitoring,73973,76329,0.969133618939,0.994471301864,1.0,0.0,0.0,0.0,0.0,0.0,0.0,0.0,0.32131994106,0.32131994106,NULL,0.0,NULL,0.0,NULL
N/A,GST_Q1_2018_GDN_PFX,Google Inc,PI~AUTO_PB~GOOG_DA~NONE_YQ~18Q1_BS~RAV4_IT~PPA_CH~SEARCH_TG~BHV_DT~DT_FM~RMBAN_SZ~728x90_AD~AS_AS~DCM_RT~CPC_PK~CPI_CT~RM_PD~|NONE|NONE|NONE|RET|NONE|NONE|NONE,Phone - Browser - Display,Monitoring,72233,75224,0.964045003804,0.997141869616,0.94981654791,0.0501834520898,0.031226736148,0.00772359885143,0.00781665425928,0.0,0.0,0.00393491438902,0.483283263882,0.483283263882,NULL,0.0,NULL,0.415918687717,NULL
N/A,GST_Q1_2018_GDN_PFX,Google Inc,PI~AUTO_PB~GOOG_DA~NONE_YQ~18Q1_BS~TCMA_IT~PPA_CH~SEARCH_TG~BHV_DT~DT_FM~RMBAN_SZ~728x90_AD~AS_AS~DCM_RT~CPC_PK~CPI_CT~RM_PD~|NONE|NONE|NONE|RET|NONE|NONE|NONE,Phone - Browser - Display,Monitoring,71627,73942,0.972703939596,0.998945119147,0.947174812691,0.052825187309,0.033512753239,0.00972383760245,0.00585594114306,0.0,0.0,0.0040842822753,0.519580605079,0.519580605079,NULL,0.0,NULL,0.459937289158,NULL
N/A,GST_FY_2018_Precision_Display,AOD,PI~AUTO_PB~AMOB_DA~TRN_YQ~18Q1Q4_BS~HGLR_IT~POE_CH~DISPLAY_TG~BHV_DT~MO_FM~RMBAN_SZ~320x50_AD~AS_AS~DCM_RT~CPM_PK~CPI_CT~RM_PD~|NONE|NONE|NONE|PREFIL|NONE|NONE|NONE,Phone - Browser - Display,Blocking,62970,73798,0.943780818633,0.990108133012,0.904103092225,0.0958969077753,0.00468847394238,0.0121548009431,0.0761538253069,0.0,0.0,0.00345537819453,0.636144195649,0.636144195649,NULL,0.0,NULL,0.532166293591,NULL
N/A,GST_FY_2018_Precision_Display,AOD,PI~AUTO_PB~AMOB_DA~TRN_YQ~18Q1Q4_BS~RAV4_IT~POE_CH~DISPLAY_TG~BHV_DT~DT_FM~RMBAN_SZ~728x90_AD~AS_AS~DCM_RT~CPM_PK~CPI_CT~RM_PD~|NONE|NONE|NONE|PREFIL|NONE|NONE|NONE,Desktop - Display,Blocking,63069,73687,0.961637569566,0.949882611587,0.890048448166,0.109951551834,0.0022934846038,0.0133537801783,0.075047158929,0.0,0.0,0.0218763146824,0.709809890755,0.709809890755,NULL,0.0,NULL,0.569100634591,NULL
N/A,GST_FY_2018_Precision_Display,AOD,PI~AUTO_PB~AMOB_DA~DBM_YQ~18Q1Q4_BS~CRLA_IT~POE_CH~DISPLAY_TG~CON_DT~DT_FM~RMBAN_SZ~728X90_AD~AS_AS~DCM_RT~CPM_PK~CPI_CT~RM_PD~|NONE|NONE|NONE|CAF|NONE|RET|NONE,Desktop - Display,Blocking,58200,73411,0.850529023207,0.888926727602,0.93212188909,0.0678781109098,0.00143030336053,0.0252959365763,0.0229938292626,2.72438735339e-05,0.0,0.0189617359796,0.586701030928,0.586701030928,NULL,0.0,NULL,0.362535647992,NULL
N/A,GST_FY_2018_Precision_Display,AOD,PI~AUTO_PB~AMOB_DA~TRN_YQ~18Q1Q4_BS~CMRY_IT~POE_CH~DISPLAY_TG~BHV_DT~DT_FM~RMBAN_SZ~300X250_AD~AS_AS~DCM_RT~CPM_PK~CPI_CT~RM_PD~|NONE|NONE|NONE|PREFIL|NONE|NONE|NONE,Desktop - Display,Blocking,59646,73177,0.935520805559,0.948207770201,0.871271027782,0.128728972218,0.0120119709745,0.0192820148407,0.0779206581303,0.0,0.0,0.0225753993741,0.733796063441,0.733796063441,NULL,0.0,NULL,0.551033106401,NULL
N/A,GST_Q1_2018_Endemic,Kelly Blue Book,PI~AUTO_PB~KBB_DA~NONE_YQ~18Q1_BS~CRLA_IT~DIR_CH~DISPLAY_TG~BHV_DT~MO_FM~RMBAN_SZ~300X50_AD~AS_AS~DCM_RT~CPM_PK~CPI_CT~RM_PD~|NONE|NONE|NONE|RET|NONE|NONE|NONE,Phone - Browser - Display,Monitoring,72928,73092,0.999917733842,0.999986318612,0.997838340721,0.00216165927872,0.0,0.0,0.0,0.0,0.0,0.00216165927872,0.492225208425,0.492225208425,NULL,0.0,NULL,0.334101985943,NULL
N/A,GST_FY_2018_Precision_Display,AOD,PI~AUTO_PB~AMOB_DA~DBM_YQ~18Q1Q4_BS~TDRA_IT~POE_CH~DISPLAY_TG~CON_DT~MO_FM~RMBAN_SZ~300X250_AD~AS_AS~DCM_RT~CPM_PK~CPI_CT~RM_PD~|NONE|NONE|NONE|CAF|NONE|RET|NONE,Phone - Browser - Display,Blocking,64549,72929,0.949585147699,0.952378340578,0.932084630257,0.0679153697432,0.00230361036076,0.0156453537002,0.0472925722278,0.0,0.0,0.00286580098452,0.45625803653,0.45625803653,NULL,0.0,NULL,0.304967952401,NULL
N/A,GST_Q1_2018_GDN_PFX,Google Inc,PI~AUTO_PB~GOOG_DA~NONE_YQ~18Q1_BS~4RUN_IT~PPA_CH~SEARCH_TG~CQT_DT~DT_FM~RMBAN_SZ~300X250_AD~AS_AS~DCM_RT~CPC_PK~CPI_CT~RM_PD~|NONE|NONE|NONE|NONE|NONE|NONE|NONE,Phone - App - Display,Monitoring,70420,72405,0.972584766245,0.997900697466,1.0,0.0,0.0,0.0,0.0,0.0,0.0,0.0,0.101775063902,0.101775063902,NULL,0.0,NULL,0.0,NULL
N/A,GST_Q1_2018_HIS_GDN_PFX,Google Inc,PI~AUTO_PB~GOOG_DA~NONE_YQ~18Q1_BS~CMRY_IT~PPA_CH~SEARCH_TG~BHV_DT~DT_FM~RMBAN_SZ~300X250_AD~AS_AS~DCM_RT~CPC_PK~CPI_CT~RM_PD~|NONE|NONE|NONE|RET|NONE|NONE|HIS,Phone - App - Display,Monitoring,69840,72382,0.964880771463,0.996725705286,1.0,0.0,0.0,0.0,0.0,0.0,0.0,0.0,0.328121420389,0.328121420389,NULL,0.0,NULL,0.0,NULL
N/A,GST_Q1_2018_GDN_PFX,Google Inc,PI~AUTO_PB~GOOG_DA~NONE_YQ~18Q1_BS~TCMA_IT~PPA_CH~SEARCH_TG~CQT_DT~MO_FM~RMBAN_SZ~300X250_AD~AS_AS~DCM_RT~CPC_PK~CPI_CT~RM_PD~|NONE|NONE|NONE|NONE|NONE|NONE|NONE,Phone - App - Display,Monitoring,68485,72337,0.946749243126,0.96608927658,1.0,0.0,0.0,0.0,0.0,0.0,0.0,0.0,0.657326421844,0.657326421844,NULL,0.0,NULL,0.0,NULL
N/A,GST_Q1_2018_GDN_PFX,Google Inc,PI~AUTO_PB~GOOG_DA~NONE_YQ~18Q1_BS~CMRY_IT~PPA_CH~SEARCH_TG~BHV_DT~DT_FM~RMBAN_SZ~300X250_AD~AS_AS~DCM_RT~CPC_PK~CPI_CT~RM_PD~|NONE|NONE|NONE|RET|NONE|NONE|NONE,Desktop - Display,Monitoring,62238,71965,0.891776876675,0.963690682971,0.909317029111,0.0906829708886,0.0269019662336,0.0276106440631,0.0121447926075,1.38956437157e-05,0.0,0.0301396512193,0.712538963334,0.712538963334,NULL,0.0,NULL,0.470711754257,NULL
N/A,GST_FY_2018_Precision_Display,AOD,PI~AUTO_PB~AMOB_DA~TRN_YQ~18Q1Q4_BS~CHR_IT~POE_CH~DISPLAY_TG~BHV_DT~MO_FM~RMBAN_SZ~320x50_AD~AS_AS~DCM_RT~CPM_PK~CPI_CT~RM_PD~|NONE|NONE|NONE|PREFIL|NONE|NONE|NONE,Phone - Browser - Display,Blocking,60726,71054,0.941502969038,0.988881695612,0.907746221184,0.0922537788161,0.00523545472458,0.0125960537056,0.0716638049934,0.0,0.0,0.00340586033158,0.642887725192,0.642887725192,NULL,0.0,NULL,0.535663181441,NULL
N/A,GST_FY_2018_Precision_Display,AOD,PI~AUTO_PB~AMOB_DA~TRN_YQ~18Q1Q4_BS~CRLA_IT~POE_CH~DISPLAY_TG~DMP1_DT~MO_FM~RMBAN_SZ~320x50_AD~AS_AS~DCM_RT~CPM_PK~CPI_CT~RM_PD~|NONE|NONE|NONE|MRK|208079|NONE|NONE,Phone - Browser - Display,Blocking,59108,70889,0.929210356699,0.971490640297,0.897332449322,0.102667550678,0.00650312460325,0.00294827124095,0.0887866946917,1.41065609615e-05,0.0,0.0048385504098,0.581799418014,0.581799418014,NULL,0.0,NULL,0.467272334745,NULL
N/A,GST_Q1_2018_GDN_PFX,Google Inc,PI~AUTO_PB~GOOG_DA~NONE_YQ~18Q1_BS~RAV4_IT~PPA_CH~SEARCH_TG~BHV_DT~DT_FM~RMBAN_SZ~300X250_AD~AS_AS~DCM_RT~CPC_PK~CPI_CT~RM_PD~|NONE|NONE|NONE|RET|NONE|NONE|NONE,Desktop - Display,Monitoring,59814,70125,0.876305726885,0.960598930481,0.902787878788,0.0972121212121,0.0275222816399,0.0355650623886,0.0146167557932,9.98217468806e-05,0.0,0.0265953654189,0.690841608988,0.690841608988,NULL,0.0,NULL,0.432126907288,NULL
N/A,GST_Q1_2018_GDN_PFX,Google Inc,PI~AUTO_PB~GOOG_DA~NONE_YQ~18Q1_BS~4RUN_IT~PPA_CH~SEARCH_TG~CQT_DT~MO_FM~RMBAN_SZ~300X250_AD~AS_AS~DCM_RT~CPC_PK~CPI_CT~RM_PD~|NONE|NONE|NONE|NONE|NONE|NONE|NONE,Phone - App - Display,Monitoring,68000,69879,0.973110662717,0.997223772521,1.0,0.0,0.0,0.0,0.0,0.0,0.0,0.0,0.103779411765,0.103779411765,NULL,0.0,NULL,0.0,NULL
N/A,GST_Q1_2018_GDN_PFX,Google Inc,PI~AUTO_PB~GOOG_DA~NONE_YQ~18Q1_BS~TCMA_IT~PPA_CH~SEARCH_TG~BHV_DT~DT_FM~RMBAN_SZ~160x600_AD~AS_AS~DCM_RT~CPC_PK~CPI_CT~RM_PD~|NONE|NONE|NONE|RET|NONE|NONE|NONE,Desktop - Display,Monitoring,61318,69290,0.908212989706,0.943628229182,0.921547120797,0.0784528792033,0.0196132198008,0.0190359359215,0.0167412325011,0.0,0.0,0.0251984413335,0.80472291986,0.80472291986,NULL,0.0,NULL,0.421393638346,NULL
N/A,GST_FY_2018_Precision_Display,AOD,PI~AUTO_PB~AMOB_DA~TRN_YQ~18Q1Q4_BS~TCMA_IT~POE_CH~DISPLAY_TG~BHV_DT~MO_FM~RMBAN_SZ~320x50_AD~AS_AS~DCM_RT~CPM_PK~CPI_CT~RM_PD~|NONE|NONE|NONE|PREFIL|NONE|NONE|NONE,Phone - Browser - Display,Blocking,58054,68706,0.932489519251,0.990786830844,0.906136290863,0.0938637091375,0.00455564288417,0.011512822752,0.0749861729689,0.0,0.0,0.00347858993392,0.652461501361,0.652461501361,NULL,0.0,NULL,0.534036235387,NULL
N/A,GST_Q1_2018_GDN_PFX,Google Inc,PI~AUTO_PB~GOOG_DA~NONE_YQ~18Q1_BS~TDRA_IT~PPA_CH~SEARCH_TG~BHV_DT~DT_FM~RMBAN_SZ~728x90_AD~AS_AS~DCM_RT~CPC_PK~CPI_CT~RM_PD~|NONE|NONE|NONE|RET|NONE|NONE|NONE,Tablet - Browser - Display,Monitoring,64967,68516,0.953882069654,0.992118629225,0.957455192948,0.0425448070524,0.0227246190671,0.00407204156693,0.0102457820071,0.0,0.0,0.00591102808103,0.560546123417,0.560546123417,NULL,0.0,NULL,0.469147483879,NULL
N/A,GST_FY_2018_Precision_Display,AOD,PI~AUTO_PB~AMOB_DA~TRN_YQ~18Q1Q4_BS~SINA_IT~POE_CH~DISPLAY_TG~BHV_DT~MO_FM~RMBAN_SZ~320x50_AD~AS_AS~DCM_RT~CPM_PK~CPI_CT~RM_PD~|NONE|NONE|NONE|PREFIL|NONE|NONE|NONE,Phone - Browser - Display,Blocking,58148,67994,0.944635778803,0.988675471365,0.905315174868,0.0946848251316,0.00491219813513,0.0126922963791,0.074035944348,0.0,0.0,0.00392681707209,0.633057026897,0.633057026897,NULL,0.0,NULL,0.529142376196,NULL
N/A,GST_Q4_2017_Precision,AOD,MOD_CPM_DS_DBM_Q4_RAV4_CUSTOM GOOGLE AFFINITY_GEO_RM_300x250,Phone - Browser - Display,Blocking,60145,67574,0.964882728527,0.96369905585,0.922455382248,0.0775446177524,0.00560866605499,0.0280729274573,0.0364193328795,0.0017166365762,0.0,0.00603782519904,0.42464045224,0.42464045224,NULL,0.0,NULL,0.297694515819,NULL
N/A,GST_FY_2018_Precision_Display,AOD,PI~AUTO_PB~AMOB_DA~TRN_YQ~18Q1Q4_BS~4RUN_IT~POE_CH~DISPLAY_TG~BHV_DT~MO_FM~RMBAN_SZ~320x50_AD~AS_AS~DCM_RT~CPM_PK~CPI_CT~RM_PD~|NONE|NONE|NONE|PREFIL|NONE|NONE|NONE,Phone - Browser - Display,Blocking,56275,66623,0.931535647481,0.991039130631,0.906758927097,0.0932410729028,0.0052684508353,0.0119478258259,0.0731879380995,0.0,0.0,0.00318208426519,0.652794313638,0.652794313638,NULL,0.0,NULL,0.531510283549,NULL
N/A,GST_Q1_2018_GDN_PFX,Google Inc,PI~AUTO_PB~GOOG_DA~NONE_YQ~18Q1_BS~HGLR_IT~PPA_CH~SEARCH_TG~CQT_DT~MO_FM~RMBAN_SZ~300X250_AD~AS_AS~DCM_RT~CPC_PK~CPI_CT~RM_PD~|NONE|NONE|NONE|NONE|NONE|NONE|NONE,Phone - App - Display,Monitoring,63596,66184,0.960896893509,0.994621056449,1.0,0.0,0.0,0.0,0.0,0.0,0.0,0.0,0.334517894207,0.334517894207,NULL,0.0,NULL,0.0,NULL
N/A,GST_Q1_2018_GDN_PFX,Google Inc,PI~AUTO_PB~GOOG_DA~NONE_YQ~18Q1_BS~4RUN_IT~PPA_CH~SEARCH_TG~CQT_DT~MO_FM~RMBAN_SZ~320x50_AD~AS_AS~DCM_RT~CPC_PK~CPI_CT~RM_PD~|NONE|NONE|NONE|NONE|NONE|NONE|NONE,Phone - Browser - Display,Monitoring,57822,66115,0.877313831401,0.990380397792,0.985207592831,0.0147924071693,0.00317628374801,0.00730545262043,0.00128563865991,1.51251607048e-05,0.0,0.0031157831052,0.531510497734,0.531510497734,NULL,0.0,NULL,0.390184897185,NULL
N/A,GST_FY_2018_Precision_Display,AOD,PI~AUTO_PB~AMOB_DA~TRN_YQ~18Q1Q4_BS~CMRY_IT~POE_CH~DISPLAY_TG~BHV_DT~MO_FM~RMBAN_SZ~320x50_AD~AS_AS~DCM_RT~CPM_PK~CPI_CT~RM_PD~|NONE|NONE|NONE|PREFIL|NONE|NONE|NONE,Phone - Browser - Display,Blocking,56412,65922,0.944339354169,0.960711143473,0.906176997057,0.0938230029429,0.00505142441067,0.0133187706684,0.0722520554595,0.0,0.0,0.00418676617821,0.630681415302,0.630681415302,NULL,0.0,NULL,0.529146348632,NULL
N/A,GST_FY_2018_Precision_Display,AOD,PI~AUTO_PB~AMOB_DA~DBM_YQ~18Q1Q4_BS~RAV4_IT~POE_CH~DISPLAY_TG~CON_DT~DT_FM~RMBAN_SZ~300X250_AD~AS_AS~DCM_RT~CPM_PK~CPI_CT~RM_PD~|NONE|NONE|NONE|CAF|NONE|RET|NONE,Desktop - Display,Blocking,50136,65840,0.824090206779,0.883551032807,0.924027946537,0.0759720534629,0.00170109356015,0.026989671932,0.0284021871203,3.03766707169e-05,0.0,0.0202004860267,0.633237593745,0.633237593745,NULL,0.0,NULL,0.339042620195,NULL
N/A,GST_FY_2018_Precision_Display,AOD,PI~AUTO_PB~AMOB_DA~DBM_YQ~18Q1Q4_BS~RAV4_IT~POE_CH~DISPLAY_TG~CQT_DT~DT_FM~RMBAN_SZ~728X90_AD~AS_AS~DCM_RT~CPM_PK~CPI_CT~RM_PD~|NONE|NONE|NONE|CAF|NONE|NONE|NONE,Desktop - Display,Blocking,52017,65800,0.852500122917,0.893951367781,0.927310030395,0.0726899696049,0.0016717325228,0.0282674772036,0.024179331307,0.0,0.0,0.0196352583587,0.588096199319,0.588096199319,NULL,0.0,NULL,0.368282126658,NULL
N/A,GST_Q1_2018_GDN_PFX,Google Inc,PI~AUTO_PB~GOOG_DA~NONE_YQ~18Q1_BS~RAV4_IT~PPA_CH~SEARCH_TG~BHV_DT~DT_FM~RMBAN_SZ~160x600_AD~AS_AS~DCM_RT~CPC_PK~CPI_CT~RM_PD~|NONE|NONE|NONE|RET|NONE|NONE|NONE,Desktop - Display,Monitoring,56065,65714,0.872118346141,0.970615089631,0.915710503089,0.0842894969109,0.0237696685638,0.0221718355297,0.0216848768908,0.0,0.0,0.0216392245184,0.744564344957,0.744564344957,NULL,0.0,NULL,0.331739051846,NULL
N/A,GST_Q1_2018_GDN_PFX,Google Inc,PI~AUTO_PB~GOOG_DA~NONE_YQ~18Q1_BS~4RUN_IT~PPA_CH~SEARCH_TG~BHV_DT~DT_FM~RMBAN_SZ~300X250_AD~AS_AS~DCM_RT~CPC_PK~CPI_CT~RM_PD~|NONE|NONE|NONE|RET|NONE|NONE|NONE,Phone - Browser - Display,Monitoring,62535,65707,0.954761977465,0.980839179996,0.95444929764,0.0455507023605,0.0238178580669,0.0062550413198,0.0126013971114,1.5219078637e-05,0.0,0.00315034927785,0.514591828576,0.514591828576,NULL,0.0,NULL,0.32521941259,NULL
N/A,GST_FY_2018_Precision_Display,AOD,PI~AUTO_PB~AMOB_DA~TRN_YQ~18Q1Q4_BS~RAV4_IT~POE_CH~DISPLAY_TG~BHV_DT~MO_FM~RMBAN_SZ~300X250_AD~AS_AS~DCM_RT~CPM_PK~CPI_CT~RM_PD~|NONE|NONE|NONE|PREFIL|NONE|NONE|NONE,Phone - App - Display,Blocking,4597,65652,0.0700207152867,0.989124474502,1.0,0.0,0.0,0.0,0.0,0.0,0.0,0.0,0.434196214923,0.434196214923,NULL,0.0,NULL,0.0,NULL
N/A,GST_FY_2018_Precision_Display,AOD,PI~AUTO_PB~AMOB_DA~TRN_YQ~18Q1Q4_BS~4RUN_IT~POE_CH~DISPLAY_TG~BHV_DT~DT_FM~RMBAN_SZ~728x90_AD~AS_AS~DCM_RT~CPM_PK~CPI_CT~RM_PD~|NONE|NONE|NONE|PREFIL|NONE|NONE|NONE,Desktop - Display,Blocking,56123,65640,0.949868833037,0.932541133455,0.900137111517,0.0998628884826,0.00254418037782,0.0192260816575,0.061212675198,0.0,0.0,0.0189213893967,0.701031662598,0.701031662598,NULL,0.0,NULL,0.539936235416,NULL
N/A,GST_Q1_2018_GDN_PFX,Google Inc,PI~AUTO_PB~GOOG_DA~NONE_YQ~18Q1_BS~CMRY_IT~PPA_CH~SEARCH_TG~BHV_DT~DT_FM~RMBAN_SZ~728x90_AD~AS_AS~DCM_RT~CPC_PK~CPI_CT~RM_PD~|NONE|NONE|NONE|RET|NONE|NONE|NONE,Tablet - App - Display,Monitoring,59427,65612,0.905733707249,0.539748826434,1.0,0.0,0.0,0.0,0.0,0.0,0.0,0.0,0.612583505814,0.612583505814,NULL,0.0,NULL,0.0,NULL
N/A,GST_Q1_2018_HIS_GDN_PFX,Google Inc,PI~AUTO_PB~GOOG_DA~NONE_YQ~18Q1_BS~TDRA_IT~PPA_CH~SEARCH_TG~BHV_DT~MO_FM~RMBAN_SZ~300X250_AD~AS_AS~DCM_RT~CPC_PK~CPI_CT~RM_PD~|NONE|NONE|NONE|RET|NONE|NONE|HIS,Phone - Browser - Display,Monitoring,60498,65183,0.930294782488,0.952671708881,0.937238236964,0.0627617630364,0.02094104291,0.00656612920547,0.0332295230351,0.0,0.0,0.00233189635334,0.463304572052,0.463304572052,NULL,0.0,NULL,0.255239880508,NULL
N/A,GST_Q4_2017_Precision,AOD,MOD_CPM_DS_DBM_Q4_CRLA_CUSTOM GOOGLE AFFINITY_GEO_RM_300x250,Phone - Browser - Display,Blocking,58680,65105,0.983853930889,0.988864142539,0.916104753859,0.0838952461408,0.00829429383304,0.0231165041087,0.042085861301,0.00451578219799,0.0,0.0061592811612,0.565933878664,0.565933878664,NULL,0.0,NULL,0.459815840173,NULL
N/A,GST_FY_2018_Precision_Display,AOD,PI~AUTO_PB~AMOB_DA~DBM_YQ~18Q1Q4_BS~CMRY_IT~POE_CH~DISPLAY_TG~CQT_DT~DT_FM~RMBAN_SZ~728X90_AD~AS_AS~DCM_RT~CPM_PK~CPI_CT~RM_PD~|NONE|NONE|NONE|CAF|NONE|NONE|NONE,Desktop - Display,Blocking,50518,64518,0.839671564391,0.878747016337,0.932514957066,0.0674850429338,0.00179794785951,0.023140828916,0.0234818190272,0.0,0.0,0.0200564183639,0.579872520686,0.579872520686,NULL,0.0,NULL,0.350864005029,NULL
N/A,GST_Q1_2018_GDN_PFX,Google Inc,PI~AUTO_PB~GOOG_DA~NONE_YQ~18Q1_BS~CRLA_IT~PPA_CH~SEARCH_TG~BHV_DT~DT_FM~RMBAN_SZ~160x600_AD~AS_AS~DCM_RT~CPC_PK~CPI_CT~RM_PD~|NONE|NONE|NONE|RET|NONE|NONE|NONE,Desktop - Display,Monitoring,54699,64195,0.871377821675,0.969390139419,0.906254381182,0.0937456188177,0.0236467014565,0.021325648415,0.0314666251266,0.0,0.0,0.0220733702002,0.730214446334,0.730214446334,NULL,0.0,NULL,0.299583659312,NULL
N/A,GST_FY_2018_Precision_Hispanic_Display,AOD,PI~AUTO_PB~AMOB_DA~NONE_YQ~18Q1Q4_BS~CMRY_IT~POE_CH~DISPLAY_TG~BHV_DT~DT_FM~RMBAN_SZ~300X250_AD~AS_AS~DCM_RT~CPM_PK~CPI_CT~RM_PD~|NONE|NONE|NONE|BRL|NONE|NONE|HIS,Desktop - Display,Blocking,53688,63469,0.963445491252,0.899935401535,0.877987679024,0.122012320976,0.00442735823788,0.0461485134475,0.0542469552065,0.0,0.0,0.0194268067876,0.557722396066,0.557722396066,NULL,0.0,NULL,0.436863516375,NULL
N/A,GST_Q1_2018_GDN_PFX,Google Inc,PI~AUTO_PB~GOOG_DA~NONE_YQ~18Q1_BS~CMRY_IT~PPA_CH~SEARCH_TG~BHV_DT~MO_FM~RMBAN_SZ~320x50_AD~AS_AS~DCM_RT~CPC_PK~CPI_CT~RM_PD~|NONE|NONE|NONE|RET|NONE|NONE|NONE,Tablet - App - Display,Monitoring,60326,63358,0.952144954071,0.987957321885,1.0,0.0,0.0,0.0,0.0,0.0,0.0,0.0,0.268922189437,0.268922189437,NULL,0.0,NULL,0.0,NULL
N/A,GST_FY_2018_Precision_Display,AOD,PI~AUTO_PB~AMOB_DA~TRN_YQ~18Q1Q4_BS~HGLR_IT~POE_CH~DISPLAY_TG~BHV_DT~MO_FM~RMBAN_SZ~300X250_AD~AS_AS~DCM_RT~CPM_PK~CPI_CT~RM_PD~|NONE|NONE|NONE|PREFIL|NONE|NONE|NONE,Phone - Browser - Display,Blocking,52615,63145,0.946466154593,0.951872674004,0.880370575659,0.119629424341,0.00652466545253,0.0128434555388,0.0975374138887,1.58365666324e-05,0.0,0.00313564019321,0.414425544046,0.414425544046,NULL,0.0,NULL,0.263825132,NULL
N/A,GST_FY_2018_Precision_Display,AOD,PI~AUTO_PB~AMOB_DA~DBM_YQ~18Q1Q4_BS~CRLA_IT~POE_CH~DISPLAY_TG~CQT_DT~DT_FM~RMBAN_SZ~728X90_AD~AS_AS~DCM_RT~CPM_PK~CPI_CT~RM_PD~|NONE|NONE|NONE|CAF|NONE|NONE|NONE,Desktop - Display,Blocking,50924,63125,0.860420714708,0.880665346535,0.937584158416,0.0624158415842,0.00144158415842,0.0236514851485,0.0201188118812,0.0,0.0,0.0181544554455,0.591096536014,0.591096536014,NULL,0.0,NULL,0.379541017802,NULL
N/A,GST_Q1_2018_GDN_PFX,Google Inc,PI~AUTO_PB~GOOG_DA~NONE_YQ~18Q1_BS~CMRY_IT~PPA_CH~SEARCH_TG~BHV_DT~DT_FM~RMBAN_SZ~160x600_AD~AS_AS~DCM_RT~CPC_PK~CPI_CT~RM_PD~|NONE|NONE|NONE|RET|NONE|NONE|NONE,Tablet - Browser - Display,Monitoring,57660,62963,0.920821489029,0.999682353128,0.961945904738,0.0380540952623,0.0191699887235,0.00427235042803,0.00987881771834,0.0,0.0,0.00541587916713,0.568869233437,0.568869233437,NULL,0.0,NULL,0.353178946481,NULL
N/A,GST_Q1_2018_GDN_PFX,Google Inc,PI~AUTO_PB~GOOG_DA~NONE_YQ~18Q1_BS~CMRY_IT~PPA_CH~SEARCH_TG~BHV_DT~MO_FM~RMBAN_SZ~300X250_AD~AS_AS~DCM_RT~CPC_PK~CPI_CT~RM_PD~|NONE|NONE|NONE|RET|NONE|NONE|NONE,Tablet - Browser - Display,Monitoring,57225,62690,0.917243700712,0.997814643484,0.954809379486,0.0451906205136,0.0226511405328,0.00441856755463,0.0139735204977,4.78545222524e-05,0.0,0.00480140373265,0.578488422892,0.578488422892,NULL,0.0,NULL,0.419318517725,NULL
N/A,GST_FY_2018_Precision_Display,AOD,PI~AUTO_PB~AMOB_DA~DBM_YQ~18Q1Q4_BS~CMRY_IT~POE_CH~DISPLAY_TG~CQT_DT~DT_FM~RMBAN_SZ~300X250_AD~AS_AS~DCM_RT~CPM_PK~CPI_CT~RM_PD~|NONE|NONE|NONE|CAF|NONE|NONE|NONE,Desktop - Display,Blocking,47797,62679,0.822653654842,0.881954083505,0.926961183171,0.0730388168286,0.0017868823689,0.0226072528279,0.0298824167584,0.0,0.0,0.0200864723432,0.629139904178,0.629139904178,NULL,0.0,NULL,0.333837034283,NULL
N/A,GST_Q1_2018_Endemic,AutoTrader,PI~AUTO_PB~AUTOTRDR_DA~NONE_YQ~18Q1_BS~TCMA_IT~DIR_CH~DISPLAY_TG~BHV_DT~DT_FM~RMBAN_SZ~728X200_AD~AS_AS~DCM_RT~CPM_PK~CPI_CT~RM_PD~|NONE|NONE|NONE|RET|NONE|SUPR|NONE,Desktop - Display,Monitoring,61729,62649,0.999838027827,0.99703107791,0.985203275391,0.0147967246085,0.000271353094223,0.0,0.0,0.0,0.0,0.0145253715143,0.335838908779,0.335838908779,NULL,0.0,NULL,0.262720284326,NULL
N/A,GST_Q1_2018_GDN_PFX,Google Inc,PI~AUTO_PB~GOOG_DA~NONE_YQ~18Q1_BS~CRLA_IT~PPA_CH~SEARCH_TG~BHV_DT~DT_FM~RMBAN_SZ~300X250_AD~AS_AS~DCM_RT~CPC_PK~CPI_CT~RM_PD~|NONE|NONE|NONE|RET|NONE|NONE|NONE,Desktop - Display,Monitoring,52572,62213,0.86698110096,0.954286081687,0.905807467893,0.0941925321074,0.0276148071946,0.0331441981579,0.0147557584428,8.03690546992e-05,0.0,0.0252519569865,0.671840523473,0.671840523473,NULL,0.0,NULL,0.407614811822,NULL
N/A,GST_FY_2018_Precision_Hispanic_Display,AOD,PI~AUTO_PB~AMOB_DA~NONE_YQ~18Q1Q4_BS~RAV4_IT~POE_CH~DISPLAY_TG~BHV_DT~DT_FM~RMBAN_SZ~728X90_AD~AS_AS~DCM_RT~CPM_PK~CPI_CT~RM_PD~|NONE|NONE|NONE|BRL|NONE|NONE|HIS,Desktop - Display,Blocking,51123,62106,0.963475999322,0.924532251312,0.854361897401,0.145638102599,0.0042830000322,0.05522815831,0.0692203651821,0.0,0.0,0.01912858661,0.563445024744,0.563445024744,NULL,0.0,NULL,0.439539388641,NULL
N/A,GST_FY_2018_Precision_Display,AOD,PI~AUTO_PB~AMOB_DA~DBM_YQ~18Q1Q4_BS~HGLR_IT~POE_CH~DISPLAY_TG~CQT_DT~MO_FM~RMBAN_SZ~300X250_AD~AS_AS~DCM_RT~CPM_PK~CPI_CT~RM_PD~|NONE|NONE|NONE|GAF|NONE|NONE|NONE,Phone - Browser - Display,Blocking,54388,61579,0.945763124489,0.960457298754,0.933873560792,0.0661264392082,0.00214358791146,0.0187563942253,0.0420110752042,0.0,0.0,0.00379999675214,0.445392365963,0.445392365963,NULL,0.0,NULL,0.286409871308,NULL
N/A,GST_Q1_2018_GDN_PFX,Google Inc,PI~AUTO_PB~GOOG_DA~NONE_YQ~18Q1_BS~CRLA_IT~PPA_CH~SEARCH_TG~BHV_DT~MO_FM~RMBAN_SZ~300X250_AD~AS_AS~DCM_RT~CPC_PK~CPI_CT~RM_PD~|NONE|NONE|NONE|RET|NONE|NONE|NONE,Desktop - Display,Monitoring,51809,61109,0.865893403306,0.955980297501,0.918146263235,0.0818537367655,0.0282773404899,0.0250699569621,0.0132550033547,8.18210083621e-05,0.0,0.0208643571323,0.703140381015,0.703140381015,NULL,0.0,NULL,0.431563555055,NULL
N/A,GST_FY_2018_Precision_Display,AOD,PI~AUTO_PB~AMOB_DA~TRN_YQ~18Q1Q4_BS~CHR_IT~POE_CH~DISPLAY_TG~BHV_DT~MO_FM~RMBAN_SZ~300X250_AD~AS_AS~DCM_RT~CPM_PK~CPI_CT~RM_PD~|NONE|NONE|NONE|PREFIL|NONE|NONE|NONE,Phone - Browser - Display,Blocking,50623,60988,0.944071463205,0.952875975602,0.879222142061,0.120777857939,0.00611595723749,0.0128877812029,0.098953892569,0.0,0.0,0.00324654030301,0.41469292614,0.41469292614,NULL,0.0,NULL,0.258557763556,NULL
N/A,GST_Q1_2018_GDN_PFX,Google Inc,PI~AUTO_PB~GOOG_DA~NONE_YQ~18Q1_BS~RAV4_IT~PPA_CH~SEARCH_TG~CQT_DT~MO_FM~RMBAN_SZ~320x50_AD~AS_AS~DCM_RT~CPC_PK~CPI_CT~RM_PD~|NONE|NONE|NONE|NONE|NONE|NONE|NONE,Phone - Browser - Display,Monitoring,52057,60713,0.860801984291,0.954820219722,0.981470195839,0.0185298041606,0.00614365951279,0.00683543886812,0.00200945431786,0.0,0.0,0.00365654802102,0.64095126496,0.64095126496,NULL,0.0,NULL,0.431177547668,NULL
N/A,GST_Q1_2018_Endemic,AutoTrader,PI~AUTO_PB~AUTOTRDR_DA~NONE_YQ~18Q1_BS~TDRA_IT~DIR_CH~DISPLAY_TG~BHV_DT~DT_FM~RMBAN_SZ~728X200_AD~AS_AS~DCM_RT~CPM_PK~CPI_CT~RM_PD~|NONE|NONE|NONE|RET|NONE|SUPR|NONE,Desktop - Display,Monitoring,58698,60667,0.999948893545,0.997280234724,0.967544134373,0.0324558656271,4.94502777457e-05,0.0,0.0,0.0,0.0,0.0324064153494,0.337251695117,0.337251695117,NULL,0.0,NULL,0.255641341083,NULL
N/A,GST_FY_2018_Precision_Display,AOD,PI~AUTO_PB~AMOB_DA~DBM_YQ~18Q1Q4_BS~CMRY_IT~POE_CH~DISPLAY_TG~CON_DT~DT_FM~RMBAN_SZ~728X90_AD~AS_AS~DCM_RT~CPM_PK~CPI_CT~RM_PD~|NONE|NONE|NONE|CAF|NONE|RET|NONE,Desktop - Display,Blocking,47992,60451,0.853100113766,0.888653620288,0.930604952772,0.0693950472283,0.00150535144166,0.0286678466857,0.0212238010951,0.0,0.0,0.0185935716531,0.583618103017,0.583618103017,NULL,0.0,NULL,0.368069750279,NULL
N/A,GST_Q1_2018_GDN_PFX,Google Inc,PI~AUTO_PB~GOOG_DA~NONE_YQ~18Q1_BS~CMRY_IT~PPA_CH~SEARCH_TG~BHV_DT~DT_FM~RMBAN_SZ~300X250_AD~AS_AS~DCM_RT~CPC_PK~CPI_CT~RM_PD~|NONE|NONE|NONE|RET|NONE|NONE|NONE,Tablet - Browser - Display,Monitoring,55811,60404,0.928110553098,0.997765048672,0.957006158533,0.0429938414675,0.0218363022316,0.00367525329448,0.0135421495265,0.0,0.0,0.00446990265545,0.579921520847,0.579921520847,NULL,0.0,NULL,0.430128255986,NULL
N/A,GST_FY_2018_Precision_Display,AOD,PI~AUTO_PB~AMOB_DA~TRN_YQ~18Q1Q4_BS~RAV4_IT~POE_CH~DISPLAY_TG~BHV_DT~DT_FM~RMBAN_SZ~300X250_AD~AS_AS~DCM_RT~CPM_PK~CPI_CT~RM_PD~|NONE|NONE|NONE|PREFIL|NONE|NONE|NONE,Phone - Browser - Display,Blocking,52480,59340,0.969088156,0.98973710819,0.912605325244,0.0873946747556,0.00508931580721,0.00726322885069,0.0703572632289,0.0,0.0,0.00599932591844,0.544245426829,0.544245426829,NULL,0.0,NULL,0.34127175799,NULL
N/A,GST_FY_2018_Precision_Video_AMOB,Vivaki AOD,PI~AUTO_PB~PREC_DA~TRN_YQ~18Q1Q4_BS~TRCK_IT~PMPX_CH~VID_TTG~BHV_DT~MO_FM~VID_SZ~1x1_AD~AS_AS~DCM_RT~CPV_PK~CPCV_CT~VID_PD~|TEADS|AMBDT|NONE|PREFIL|NONE|SPRT|06SEC,Phone - Browser - Display,Monitoring,0,58168,0.0,0.423583413561,0.751873882547,0.248126117453,0.110318388117,0.00438385366525,0.131051437216,0.0,0.0,0.00314605968918,NULL,NULL,NULL,NULL,NULL,NULL,NULL
N/A,GST_FY_2018_Precision_Display,AOD,PI~AUTO_PB~AMOB_DA~DBM_YQ~18Q1Q4_BS~HGLR_IT~POE_CH~DISPLAY_TG~CON_DT~MO_FM~RMBAN_SZ~300X250_AD~AS_AS~DCM_RT~CPM_PK~CPI_CT~RM_PD~|NONE|NONE|NONE|CAF|NONE|RET|NONE,Phone - Browser - Display,Blocking,50868,57851,0.943030347973,0.957459680904,0.932412577138,0.0675874228622,0.00219529480908,0.0193946517778,0.0418834592315,0.0,0.0,0.00432144647456,0.450676260124,0.450676260124,NULL,0.0,NULL,0.293647756857,NULL
N/A,GST_Q1_2018_Endemic,AutoTrader,PI~AUTO_PB~AUTOTRDR_DA~NONE_YQ~18Q1_BS~4RUN_IT~DIR_CH~DISPLAY_TG~BHV_DT~DT_FM~RMBAN_SZ~728X200_AD~AS_AS~DCM_RT~CPM_PK~CPI_CT~RM_PD~|NONE|NONE|NONE|RET|NONE|SUPR|NONE,Desktop - Display,Monitoring,51772,57385,0.999864810058,0.996932996428,0.902308965758,0.0976910342424,0.0,0.0,0.0,0.0,0.0,0.0976910342424,0.310843699297,0.310843699297,NULL,0.0,NULL,0.170069994852,NULL
N/A,GST_FY_2018_Precision_Display,AOD,PI~AUTO_PB~AMOB_DA~TRN_YQ~18Q1Q4_BS~SINA_IT~POE_CH~DISPLAY_TG~BHV_DT~MO_FM~RMBAN_SZ~300X250_AD~AS_AS~DCM_RT~CPM_PK~CPI_CT~RM_PD~|NONE|NONE|NONE|PREFIL|NONE|NONE|NONE,Phone - Browser - Display,Blocking,46506,55933,0.947728801125,0.951978259704,0.877317504872,0.122682495128,0.00665081436719,0.0127831512703,0.100584628037,0.0,0.0,0.00307510771816,0.416806433578,0.416806433578,NULL,0.0,NULL,0.267170423525,NULL
N/A,GST_FY_2018_Precision_Display,AOD,PI~AUTO_PB~AMOB_DA~DBM_YQ~18Q1Q4_BS~RAV4_IT~POE_CH~DISPLAY_TG~CQT_DT~DT_FM~RMBAN_SZ~300X250_AD~AS_AS~DCM_RT~CPM_PK~CPI_CT~RM_PD~|NONE|NONE|NONE|CAF|NONE|NONE|NONE,Desktop - Display,Blocking,42706,55909,0.828165299513,0.892181938507,0.922338085103,0.0776619148974,0.00223577599313,0.0265252463825,0.0332683467778,0.0,0.0,0.0165268561412,0.633213131644,0.633213131644,NULL,0.0,NULL,0.342209774829,NULL
N/A,GST_FY_2018_Precision_Hispanic_Display,AOD,PI~AUTO_PB~AMOB_DA~NONE_YQ~18Q1Q4_BS~CMRY_IT~POE_CH~DISPLAY_TG~BHV_DT~DT_FM~RMBAN_SZ~728X90_AD~AS_AS~DCM_RT~CPM_PK~CPI_CT~RM_PD~|NONE|NONE|NONE|BRL|NONE|NONE|HIS,Desktop - Display,Blocking,45927,55678,0.965177370545,0.923775997701,0.854628399009,0.145371600991,0.00352024138798,0.0599877869176,0.0621969179927,0.0,0.0,0.0224684794712,0.536372939665,0.536372939665,NULL,0.0,NULL,0.417578061193,NULL
N/A,GST_FY_2018_Precision_Display,AOD,PI~AUTO_PB~AMOB_DA~TRN_YQ~18Q1Q4_BS~TDRA_IT~POE_CH~DISPLAY_TG~BHV_DT~MO_FM~RMBAN_SZ~320x50_AD~AS_AS~DCM_RT~CPM_PK~CPI_CT~RM_PD~|NONE|NONE|NONE|PREFIL|NONE|NONE|NONE,Phone - Browser - Display,Blocking,47894,55470,0.946166459235,0.896124031008,0.912547322877,0.0874526771228,0.00493960699477,0.0134126554895,0.0633315305571,0.0,0.0,0.00674238327024,0.646197853593,0.646197853593,NULL,0.0,NULL,0.54218873908,NULL
N/A,GST_FY_2018_Precision_Display,AOD,PI~AUTO_PB~AMOB_DA~TRN_YQ~18Q1Q4_BS~4RUN_IT~POE_CH~DISPLAY_TG~BHV_DT~MO_FM~RMBAN_SZ~300X250_AD~AS_AS~DCM_RT~CPM_PK~CPI_CT~RM_PD~|NONE|NONE|NONE|PREFIL|NONE|NONE|NONE,Phone - Browser - Display,Blocking,45694,55371,0.934227474392,0.960087410377,0.883332430334,0.116667569666,0.00686279821567,0.0121543768399,0.0947788553575,0.0,0.0,0.00344945910314,0.417319560555,0.417319560555,NULL,0.0,NULL,0.244106644377,NULL
N/A,GST_FY_2018_Precision_Display,AOD,PI~AUTO_PB~AMOB_DA~DBM_YQ~18Q1Q4_BS~CRLA_IT~POE_CH~DISPLAY_TG~CQT_DT~DT_FM~RMBAN_SZ~300X250_AD~AS_AS~DCM_RT~CPM_PK~CPI_CT~RM_PD~|NONE|NONE|NONE|CAF|NONE|NONE|NONE,Desktop - Display,Blocking,42569,54891,0.835636606337,0.885646098632,0.928057422893,0.0719425771074,0.00213149696672,0.0258330145197,0.0291304585451,0.0,0.0,0.0159224645206,0.630717188564,0.630717188564,NULL,0.0,NULL,0.345324099084,NULL
N/A,GST_FY_2018_Precision_Display,AOD,PI~AUTO_PB~AMOB_DA~TRN_YQ~18Q1Q4_BS~CMRY_IT~POE_CH~DISPLAY_TG~BHV_DT~DT_FM~RMBAN_SZ~300X250_AD~AS_AS~DCM_RT~CPM_PK~CPI_CT~RM_PD~|NONE|NONE|NONE|PREFIL|NONE|NONE|NONE,Phone - Browser - Display,Blocking,48101,54796,0.969719573413,0.988338564859,0.905230308782,0.0947696912183,0.0059675888751,0.00799328418133,0.0766296809986,0.0,0.0,0.00569384626615,0.549510405189,0.549510405189,NULL,0.0,NULL,0.340162338132,NULL
N/A,GST_FY_2018_Precision_Display,AOD,PI~AUTO_PB~AMOB_DA~DBM_YQ~18Q1Q4_BS~TCMA_IT~POE_CH~DISPLAY_TG~CON_DT~MO_FM~RMBAN_SZ~300X250_AD~AS_AS~DCM_RT~CPM_PK~CPI_CT~RM_PD~|NONE|NONE|NONE|CAF|NONE|RET|NONE,Phone - Browser - Display,Blocking,48547,54732,0.952387491662,0.95370167361,0.931338156837,0.068661843163,0.00237521011474,0.0192209310824,0.0434115325586,0.0,0.0,0.00401958634802,0.442622613138,0.442622613138,NULL,0.0,NULL,0.289566847755,NULL
N/A,GST_FY_2018_Precision_Display,AOD,PI~AUTO_PB~AMOB_DA~DBM_YQ~18Q1Q4_BS~TCMA_IT~POE_CH~DISPLAY_TG~CQT_DT~MO_FM~RMBAN_SZ~300X250_AD~AS_AS~DCM_RT~CPM_PK~CPI_CT~RM_PD~|NONE|NONE|NONE|GAF|NONE|NONE|NONE,Phone - Browser - Display,Blocking,48242,54603,0.946942781431,0.957291723898,0.933007343919,0.0669926560812,0.00212442539787,0.0175631375565,0.0439170008974,0.0,0.0,0.00364448839807,0.447701173252,0.447701173252,NULL,0.0,NULL,0.293334381675,NULL
N/A,GST_FY_2018_Precision_Video_AMOB,Vivaki AOD,PI~AUTO_PB~PREC_DA~TRN_YQ~18Q1Q4_BS~TRCK_IT~PMPX_CH~VID_TTG~BHV_DT~MO_FM~VID_SZ~1x1_AD~AS_AS~DCM_RT~CPV_PK~CPCV_CT~VID_PD~|TEADS|AMBDT|NONE|PREFIL|NONE|RON|06SEC,Tablet - Browser - Display,Monitoring,0,54338,0.0,0.289705178696,0.917829143509,0.0821708564909,0.00910964702418,0.0115204829033,0.0571975413155,0.0,0.0,0.00480326843093,NULL,NULL,NULL,NULL,NULL,NULL,NULL
N/A,GST_FY_2018_Precision_Display,AOD,PI~AUTO_PB~AMOB_DA~TRN_YQ~18Q1Q4_BS~TCMA_IT~POE_CH~DISPLAY_TG~BHV_DT~DT_FM~RMBAN_SZ~300X250_AD~AS_AS~DCM_RT~CPM_PK~CPI_CT~RM_PD~|NONE|NONE|NONE|PREFIL|NONE|NONE|NONE,Desktop - Display,Blocking,44485,54123,0.929850964654,0.958132402121,0.883931045951,0.116068954049,0.0103652790865,0.0188644384088,0.0729264822719,7.39057332373e-05,0.0,0.0160560205458,0.752882994268,0.752882994268,NULL,0.0,NULL,0.561027360336,NULL
N/A,GST_FY_2018_Precision_Video_AMOB,Vivaki AOD,PI~AUTO_PB~PREC_DA~TRN_YQ~18Q1Q4_BS~RAV4_IT~PMPX_CH~VID_TG~BHV_DT~DT_FM~VID_SZ~1x1_AD~AS_AS~DCM_RT~CPV_PK~CPCV_CT~VID_PD~|TEADS|AMBDT|NONE|PREFIL|NONE|RON|06SEC,Desktop - Video,Monitoring,53114,53952,0.999209872827,0.999740510083,0.757895907473,0.242104092527,0.0420929715302,0.0198324436536,0.168835260973,0.0,0.0,0.0144943653618,0.71107429303,NULL,0.71107429303,NULL,0.0,NULL,0.406847880436
N/A,GST_FY_2018_Precision_Display,AOD,PI~AUTO_PB~AMOB_DA~DBM_YQ~18Q1Q4_BS~CRLA_IT~POE_CH~DISPLAY_TG~CON_DT~DT_FM~RMBAN_SZ~300X250_AD~AS_AS~DCM_RT~CPM_PK~CPI_CT~RM_PD~|NONE|NONE|NONE|CAF|NONE|RET|NONE,Desktop - Display,Blocking,40914,53573,0.823799456358,0.884232729173,0.927052806451,0.072947193549,0.00237059712915,0.0242659548653,0.0315270752058,0.0,0.0,0.0162768558789,0.632619641199,0.632619641199,NULL,0.0,NULL,0.340866557869,NULL
N/A,GST_FY_2018_Precision_Display,AOD,PI~AUTO_PB~AMOB_DA~TRN_YQ~18Q1Q4_BS~TCMA_IT~POE_CH~DISPLAY_TG~BHV_DT~MO_FM~RMBAN_SZ~300X250_AD~AS_AS~DCM_RT~CPM_PK~CPI_CT~RM_PD~|NONE|NONE|NONE|PREFIL|NONE|NONE|NONE,Phone - Browser - Display,Blocking,43860,53288,0.936519121133,0.957739078216,0.878865785918,0.121134214082,0.00624906170245,0.0130986338388,0.0989340939799,3.75319021168e-05,0.0,0.00328404143522,0.414888280894,0.414888280894,NULL,0.0,NULL,0.248857540605,NULL
N/A,GST_FY_2018_Precision_Display,AOD,PI~AUTO_PB~AMOB_DA~TRN_YQ~18Q1Q4_BS~CMRY_IT~POE_CH~DISPLAY_TG~BHV_DT~DT_FM~RMBAN_SZ~728x90_AD~AS_AS~DCM_RT~CPM_PK~CPI_CT~RM_PD~|NONE|NONE|NONE|PREFIL|NONE|NONE|NONE,Desktop - Display,Blocking,44466,52758,0.945441401599,0.913302248,0.891466696994,0.108533303006,0.00248303574813,0.0171348421093,0.0657530611471,0.0,0.0,0.0257401721066,0.716614941753,0.716614941753,NULL,0.0,NULL,0.552727730365,NULL
N/A,GST_Q1_2018_GDN_PFX,Google Inc,PI~AUTO_PB~GOOG_DA~NONE_YQ~18Q1_BS~CMRY_IT~PPA_CH~SEARCH_TG~BHV_DT~DT_FM~RMBAN_SZ~728x90_AD~AS_AS~DCM_RT~CPC_PK~CPI_CT~RM_PD~|NONE|NONE|NONE|RET|NONE|NONE|NONE,Phone - Browser - Display,Monitoring,50871,52591,0.971080059558,0.998592915138,0.949306915632,0.050693084368,0.0333326995113,0.0073776881976,0.00640794052214,1.90146603031e-05,0.0,0.00387899070183,0.511745395215,0.511745395215,NULL,0.0,NULL,0.448759835439,NULL
N/A,GST_Q1_2018_GDN_PFX,Google Inc,PI~AUTO_PB~GOOG_DA~NONE_YQ~18Q1_BS~TDRA_IT~PPA_CH~SEARCH_TG~CQT_DT~MO_FM~RMBAN_SZ~300X250_AD~AS_AS~DCM_RT~CPC_PK~CPI_CT~RM_PD~|NONE|NONE|NONE|NONE|NONE|NONE|NONE,Phone - Browser - Display,Monitoring,48441,51544,0.943074077679,0.990900977805,0.958365668167,0.041634331833,0.0187800713953,0.00816777898494,0.0118345491231,0.0,0.0,0.00339515753531,0.480068536983,0.480068536983,NULL,0.0,NULL,0.273806861553,NULL
N/A,GST_FY_2018_Precision_Display,AOD,PI~AUTO_PB~AMOB_DA~TRN_YQ~18Q1Q4_BS~CMRY_IT~POE_CH~DISPLAY_TG~BHV_DT~MO_FM~RMBAN_SZ~300X250_AD~AS_AS~DCM_RT~CPM_PK~CPI_CT~RM_PD~|NONE|NONE|NONE|PREFIL|NONE|NONE|NONE,Phone - Browser - Display,Blocking,42906,51371,0.948953863847,0.948375542621,0.880146386093,0.119853613907,0.00634599287536,0.0131981078819,0.097428510249,0.0,0.0,0.00340659126745,0.394886496061,0.394886496061,NULL,0.0,NULL,0.249998758492,NULL
N/A,GST_Q1_2018_Endemic,Kelly Blue Book,PI~AUTO_PB~KBB_DA~NONE_YQ~18Q1_BS~4RUN_IT~DIR_CH~DISPLAY_TG~BHV_DT~MO_FM~RMBAN_SZ~300X50_AD~AS_AS~DCM_RT~CPM_PK~CPI_CT~RM_PD~|NONE|NONE|NONE|RET|NONE|NONE|NONE,Phone - Browser - Display,Monitoring,50895,51023,0.99984283834,0.999980400996,0.997648119476,0.00235188052447,0.0,0.0,0.0,0.0,0.0,0.00235188052447,0.511700559976,0.511700559976,NULL,0.0,NULL,0.196237037601,NULL
N/A,GST_FY_2018_Precision_Display,AOD,PI~AUTO_PB~AMOB_DA~DBM_YQ~18Q1Q4_BS~CMRY_IT~POE_CH~DISPLAY_TG~CON_DT~DT_FM~RMBAN_SZ~300X250_AD~AS_AS~DCM_RT~CPM_PK~CPI_CT~RM_PD~|NONE|NONE|NONE|CAF|NONE|RET|NONE,Desktop - Display,Blocking,38511,50859,0.818738439952,0.888967537702,0.92485105881,0.0751489411903,0.00263473524843,0.0264260012977,0.028883776716,0.0,0.0,0.0179712538587,0.628755420529,0.628755420529,NULL,0.0,NULL,0.333224576024,NULL
N/A,GST_Q4_2017_Precision,AOD,MOD_CPM_DS_DBM_Q4_RAV4_IN-MARKET GOOGLE AFFINITY_GEO_RM_320x50,Phone - App - Display,Blocking,47945,50417,0.950968919214,0.911716286173,1.0,0.0,0.0,0.0,0.0,0.0,0.0,0.0,0.555240379602,0.555240379602,NULL,0.0,NULL,0.0,NULL
N/A,GST_FY_2018_Precision_Display,AOD,PI~AUTO_PB~AMOB_DA~TRN_YQ~18Q1Q4_BS~AVLN_IT~POE_CH~DISPLAY_TG~BHV_DT~MO_FM~RMBAN_SZ~320x50_AD~AS_AS~DCM_RT~CPM_PK~CPI_CT~RM_PD~|NONE|NONE|NONE|PREFIL|NONE|NONE|NONE,Phone - Browser - Display,Blocking,42143,50137,0.928362154422,0.991124319365,0.905419151525,0.0945808484752,0.00542513512974,0.0129445319824,0.0728404172567,0.0,0.0,0.00378961645092,0.657665567235,0.657665567235,NULL,0.0,NULL,0.52916670699,NULL
