6631,Lavidge_McDonalds,GCM GMA - 2017,Whirlygig - MOB,a-MCDN_v-PROG_c-dCPM_b1-GCM_b2-GMA_b3-MOB_b4-APL_m-GMA0904_s-320x50|22430282,Mobile,Blocking,1462746,1448051,14695,11444,228,0,0,0,666534,3172,545574,301729,1448051,0.0,1448051,545574,301729,NULL,NULL,0.0,0,0.0,1448051,0.0,0
6631,Lavidge_McDonalds,HCM ROD Spanish - 2017,Whirlygig - MOB,a-MCDN_v-PROG_c-dCPM_b1-HCM_b2-RODSPA_b3-MOB_b4-NA_m-MP2F50828_s-320x50,Mobile,Blocking,1269827,1240141,29686,22652,213,0,0,0,1221561,7053,676365,472856,1240141,0.0,1240141,676365,472856,NULL,NULL,0.0,0,0.0,1240141,0.0,0
6631,Lavidge_McDonalds,GCM BFAST - 2017,Whirlygig - MOB,a-MCDN_v-PROG_c-dCPM_b1-GCM_b2-BFAST_b3-MOB_b4-NA_m-1SBASC0828_s-320x50,Mobile,Blocking,1152225,1128172,24053,17029,251,0,0,0,1114018,7009,592146,441750,1128172,0.0,1128172,592146,441750,NULL,NULL,0.0,0,0.0,1128172,0.0,0
6643,Lavidge_Cable ONE,2017 Interactive Media - Acquisition,Whirlygig - PROSP,20949-229177-60896-17 | a-CONE_v-PROG_c-dCPM_b1-PROSP_b2-PROSP_b3-ATT_b4-HM_b5-NA_b6-ROE_m-NA_s-300x250|20949-229177-60896-17,Desktop,Blocking,1144001,1093189,50812,26650,60,0,0,0,1098893,24783,575732,479554,1093189,0.0,1093189,575732,479554,NULL,NULL,0.0,0,0.0,1093189,0.0,0
8218,Lavidge_ASU,ASU WP MBA_FY16-17,Whirlygig - PROSP,a-ASUWPC_v-PROG_c-dCPM_b1-MBA_b2-PROSP_b3-AZ_m-NA_s-300x250|22174032,Desktop,Blocking,1113903,1081016,32887,12882,78,0,7032,0,1113003,13188,601252,407452,1081016,0.0,1081048,601252,407452,NULL,NULL,0.0,0,0.0,1081048,0.0,0
6631,Lavidge_McDonalds,HCM ROD English - 2017,Whirlygig - MOB,a-MCDN_v-PROG_c-dCPM_b1-HCM_b2-RODENG_b3-MOB_b4-NA_m-MP2F50828_s-320x50,Mobile,Blocking,1112051,1092848,19203,12625,191,0,0,0,838186,6567,602231,277003,1092848,0.0,1092848,602231,277003,NULL,NULL,0.0,0,0.0,1092848,0.0,0
6631,Lavidge_McDonalds,HCM GMA - 2017,Whirlygig - MOB,a-MCDN_v-PROG_c-dCPM_b1-HCM_b2-GMA_b3-MOB_b4-AND_m-GMA0904_s-320x50|22430265,Mobile,Blocking,1109411,1090004,19407,9826,359,0,0,0,701664,9415,387124,247813,1090004,0.0,1090004,387124,247813,NULL,NULL,0.0,0,0.0,1090004,0.0,0
6631,Lavidge_McDonalds,HCM GMA - 2017,Whirlygig - MOB,a-MCDN_v-PROG_c-dCPM_b1-HCM_b2-GMA_b3-MOB_b4-APL_m-GMA0904_s-320x50|22430263,Mobile,Blocking,1107788,1087685,20103,10117,343,0,0,0,798869,9967,397187,270238,1087685,0.0,1087685,397187,270238,NULL,NULL,0.0,0,0.0,1087685,0.0,0
6643,Lavidge_Cable ONE,2017 Interactive Media - Acquisition,Whirlygig - PROSP,20949-229177-60896-19 | a-CONE_v-PROG_c-dCPM_b1-PROSP_b2-PROSP_b3-ATT_b4-HM_b5-NA_b6-ROE_m-NA_s-728x90|20949-229177-60896-19,Desktop,Blocking,1090154,1026109,64045,38162,68,0,0,0,1062123,26673,525758,472835,1026109,0.0,1026109,525758,472835,NULL,NULL,0.0,0,0.0,1026109,0.0,0
6631,Lavidge_McDonalds,HCM BFAST - 2017,Whirlygig - MOB,a-MCDN_v-PROG_c-dCPM_b1-HCM_b2-BFAST_b3-MOB_b4-NA_m-1SBASC0828_s-320x50,Mobile,Blocking,1088974,1066909,22065,12467,137,0,0,0,1032069,9607,675163,309989,1066909,0.0,1066909,675163,309989,NULL,NULL,0.0,0,0.0,1066909,0.0,0
8523,Lavidge_GOYFF,GOYFF-Parents,Whirlygig - MOB,WGIG_MOB-GOYFF_Parents-Prescription-320x50|21166584,Mobile,Blocking,996807,979988,16819,8337,5782,0,0,0,806785,3419,508288,185476,979988,0.0,980016,508288,185476,NULL,NULL,0.0,0,0.0,980016,0.0,0
8218,Lavidge_ASU,ASU SoCal_FY17-18,Whirlygig - MOB,a-ASUSC_v-PROG_c-dCPM_b1-SC_b2-MOB_b3-NA_m-NA_s-320x50|22319486,Mobile,Blocking,935526,883761,51765,43946,3628,0,0,0,932724,4601,475808,369639,883761,0.0,883761,475808,369639,NULL,NULL,0.0,0,0.0,883761,0.0,0
8218,Lavidge_ASU,ASU WP SM_FY16-17,Whirlygig - PROSP,a-ASUWPC_v-PROG_c-dCPM_b1-SM_b2-PROSP_b3-AZ_m-NA_s-300x250|22174251,Desktop,Blocking,916832,887426,29406,13373,70,0,4673,0,914317,11507,481204,343099,887426,0.0,887458,481204,343099,NULL,NULL,0.0,0,0.0,887458,0.0,0
6631,Lavidge_McDonalds,GCM GMA - 2017,Whirlygig - VID,a-MCDN_v-PROG_c-dCPM_b1-GCM_b2-GMA_b3-VID_b4-AND_m-GMA0904_s-15sVAST|22430286,Mobile,Monitoring,836503,805795,30708,802,172,0,0,0,77090,29819,2726,11043,806683,0.0,836503,2726,11043,NULL,NULL,0.0,0,0.0,836503,0.0,0
6631,Lavidge_McDonalds,GCM ROD - 2017,Whirlygig - MOB,a-MCDN_v-PROG_c-dCPM_b1-GCM_b2-RODENG_b3-MOB_b4-NA_m-MP2F50828_s-320x50,Mobile,Blocking,815561,798262,17299,11002,133,0,0,0,776801,6284,438571,233236,798262,0.0,798262,438571,233236,NULL,NULL,0.0,0,0.0,798262,0.0,0
6643,Lavidge_Cable ONE,2017 Interactive Media - Acquisition,Whirlygig - PROSP,20949-229177-60896-21 | a-CONE_v-PROG_c-dCPM_b1-PROSP_b2-PROSP_b3-CL_b4-HM_b5-NA_b6-ROE_m-NA_s-300x250|20949-229177-60896-21,Desktop,Blocking,784652,744292,40360,29439,48,0,0,0,742757,11154,408134,249794,744292,0.0,744292,408134,249794,NULL,NULL,0.0,0,0.0,744292,0.0,0
6631,Lavidge_McDonalds,HCM ROD Spanish - 2017,Whirlygig - PROSP,a-MCDN_v-PROG_c-dCPM_b1-HCM_b2-RODSPA_b3-DIS_b4-NA_m-MP2F50828_s-300x250,Desktop,Blocking,768222,751722,16500,5304,83,0,0,0,766881,11201,503712,192636,751722,0.0,751722,503712,192636,NULL,NULL,0.0,0,0.0,751722,0.0,0
6631,Lavidge_McDonalds,HCM GMA - 2017,Whirlygig - MOB,a-MCDN_v-PROG_c-dCPM_b1-HCM_b2-GMA_b3-MOB_b4-APL_m-GMA0904_s-300x250|22430262,Mobile,Blocking,745421,728439,16982,12410,365,0,0,0,691031,4589,101802,323467,728439,0.0,728439,101802,323467,NULL,NULL,0.0,0,0.0,728439,0.0,0
6643,Lavidge_Cable ONE,2017 Interactive Media - Acquisition,Whirlygig - PROSP,20949-229177-60896-23 | a-CONE_v-PROG_c-dCPM_b1-PROSP_b2-PROSP_b3-CL_b4-HM_b5-NA_b6-ROE_m-NA_s-728x90|20949-229177-60896-23,Desktop,Blocking,723300,665887,57413,43685,29,0,0,0,701105,14194,331045,228956,665887,0.0,665887,331045,228956,NULL,NULL,0.0,0,0.0,665887,0.0,0
6631,Lavidge_McDonalds,HCM GMA - 2017,Whirlygig - MOB,a-MCDN_v-PROG_c-dCPM_b1-HCM_b2-GMA_b3-MOB_b4-AND_m-GMA0904_s-300x250|22430264,Mobile,Blocking,722811,705987,16824,12250,408,0,0,0,590904,4435,96190,289534,705987,0.0,705987,96190,289534,NULL,NULL,0.0,0,0.0,705987,0.0,0
6631,Lavidge_McDonalds,HCM BFAST - 2017,Whirlygig - PROSP,a-MCDN_v-PROG_c-dCPM_b1-HCM_b2-BFAST_b3-DIS_b4-NA_m-1SBASC0828_s-300x250,Desktop,Blocking,684121,673279,10842,2102,60,0,0,0,682582,8731,439849,173231,673279,0.0,673279,439849,173231,NULL,NULL,0.0,0,0.0,673279,0.0,0
6631,Lavidge_McDonalds,GCM GMA - 2017,Whirlygig - MOB,a-MCDN_v-PROG_c-dCPM_b1-GCM_b2-GMA_b3-MOB_b4-AND_m-GMA0904_s-320x50|22430284,Mobile,Blocking,683957,662105,21852,4890,454,0,0,0,549045,16836,231409,144452,662105,0.0,662105,231409,144452,NULL,NULL,0.0,0,0.0,662105,0.0,0
9263,Lavidge_APS,APS - Corporate,Whirlygig - PROSP,a-APS_b6-CORP_v-PROG_m-DAM_c-dCPM_b1-STPROSP_b2-PROG_b3-NL_b4-NE_b5-REL_s-320x50|21810785,Mobile,Blocking,672811,644276,28535,24977,191,0,0,0,670053,3630,377841,240968,644276,0.0,644276,377841,240968,NULL,NULL,0.0,0,0.0,644276,0.0,0
9263,Lavidge_APS,APS - Corporate,Whirlygig - PROSP,a-APS_b6-CORP_v-PROG_m-DAM_c-dCPM_b1-STPROSP_b2-PROG_b3-NL_b4-NE_b5-MGS_s-320x50|21883466,Mobile,Blocking,652108,624601,27507,23970,165,0,0,0,649398,3634,364263,235315,624601,0.0,624625,364263,235315,NULL,NULL,0.0,0,0.0,624625,0.0,0
6643,Lavidge_Cable ONE,2017 Interactive Media - Acquisition,Whirlygig - PROSP,20949-229177-60896-16 | a-CONE_v-PROG_c-dCPM_b1-PROSP_b2-PROSP_b3-ATT_b4-HM_b5-NA_b6-ROE_m-NA_s-160x600|20949-229177-60896-16,Desktop,Blocking,631497,602487,29010,9602,33,0,0,0,603719,19654,354516,217415,602487,0.0,602487,354516,217415,NULL,NULL,0.0,0,0.0,602487,0.0,0
8218,Lavidge_ASU,ASU WP MBA_FY16-17,Whirlygig - MOB,a-ASUWPC_v-PROG_c-dCPM_b1-MBA_b2-MOB_b3-AZ_m-MBAPDDISP_s-320x50|22610006,Mobile,Blocking,622741,600037,22704,16741,60,0,2843,0,620550,3172,348327,228734,600037,0.0,600037,348327,228734,NULL,NULL,0.0,0,0.0,600037,0.0,0
6631,Lavidge_McDonalds,HCM ROD English - 2017,Whirlygig - VID,a-MCDN_v-PROG_c-dCPM_b1-HCM_b2-RODENG_b3-VID_b4-NA_m-MP2F50828_s-15sVAST|22365741,Mobile,Monitoring,596408,591475,4933,807,144,0,0,0,96163,4072,527,1154,592336,0.0,596392,527,1154,NULL,NULL,0.0,0,0.0,596392,0.0,0
6631,Lavidge_McDonalds,GCM BFAST - 2017,Whirlygig - PROSP,a-MCDN_v-PROG_c-dCPM_b1-GCM_b2-BFAST_b3-DIS_b4-NA_m-1SBASC0828_s-300x250,Desktop,Blocking,593467,582142,11325,1711,93,0,0,0,592892,9578,378882,150730,582142,0.0,582142,378882,150730,NULL,NULL,0.0,0,0.0,582142,0.0,0
6643,Lavidge_Cable ONE,2017 Interactive Media - Acquisition,Whirlygig - MOB,20949-229177-60900-23 | a-CONE_v-PROG_c-dCPM_b1-PROSP_b2-MCDP_b3-CL_b4-HM_b5-NA_m-NA_s-320x50|20949-229177-60900-23,Mobile,Blocking,583347,556014,27333,24529,126,0,0,0,578438,2972,256644,273969,556014,0.0,556014,256644,273969,NULL,NULL,0.0,0,0.0,556014,0.0,0
9263,Lavidge_APS,APS - Corporate,Whirlygig - PROSP,a-APS_b6-CORP_v-PROG_m-DAM_c-dCPM_b1-STPROSP_b2-PROG_b3-NL_b4-NE_b5-CE_s-320x50|22127022,Mobile,Blocking,581204,556503,24701,21545,166,0,0,0,578819,3212,324930,209490,556503,0.0,556528,324930,209490,NULL,NULL,0.0,0,0.0,556528,0.0,0
9263,Lavidge_APS,APS - Corporate,Whirlygig - PROSP,a-APS_b6-CORP_v-PROG_m-DAM_c-dCPM_b1-STPROSP_b2-PROG_b3-NL_b4-NE_b5-SHMWK_s-320x50|22127028,Mobile,Blocking,578105,553686,24419,21325,159,0,0,0,575715,3201,323910,207632,553686,0.0,553715,323910,207632,NULL,NULL,0.0,0,0.0,553715,0.0,0
6631,Lavidge_McDonalds,HCM ROD English - 2017,Whirlygig - PROSP,a-MCDN_v-PROG_c-dCPM_b1-HCM_b2-RODENG_b3-DIS_b4-NA_m-MP2F50828_s-160x600,Desktop,Blocking,555259,532560,22699,5319,68,0,0,0,554000,17428,331387,146572,532560,0.0,532560,331387,146572,NULL,NULL,0.0,0,0.0,532560,0.0,0
8218,Lavidge_ASU,ASU WP SM_FY16-17,Whirlygig - PROSP,a-ASUWPC_v-PROG_c-dCPM_b1-SM_b2-PROSP_b3-AZ_m-NA_s-728x90|22174254,Desktop,Blocking,530384,502902,27482,15514,52,0,3968,0,529769,8178,267641,214583,502902,0.0,502942,267641,214583,NULL,NULL,0.0,0,0.0,502942,0.0,0
6631,Lavidge_McDonalds,GCM BFAST - 2017,Whirlygig - MOB,a-MCDN_v-PROG_c-dCPM_b1-GCM_b2-BFAST_b3-MOB_b4-NA_m-1SBASC0828_s-300x250,Mobile,Blocking,497851,483204,14647,7366,417,0,0,0,492693,7323,133990,226125,483204,0.0,483204,133990,226125,NULL,NULL,0.0,0,0.0,483204,0.0,0
6631,Lavidge_McDonalds,HCM ROD English - 2017,Whirlygig - MOB,a-MCDN_v-PROG_c-dCPM_b1-HCM_b2-RODENG_b3-MOB_b4-NA_m-MP2F50828_s-300x250,Mobile,Blocking,488756,479147,9609,7277,96,0,0,0,434403,2334,91673,180126,479147,0.0,479147,91673,180126,NULL,NULL,0.0,0,0.0,479147,0.0,0
8218,Lavidge_ASU,ASU SoCal_FY17-18,Whirlygig - PROSP,a-ASUSC_v-PROG_c-dCPM_b1-SC_b2-PROSP_b3-NA_m-NA_s-300x250|22319482,Desktop,Blocking,463293,428545,34748,25857,223,0,0,0,462854,9057,217619,178732,428545,0.0,428545,217619,178732,NULL,NULL,0.0,0,0.0,428545,0.0,0
6643,Lavidge_Cable ONE,2017 Interactive Media - Acquisition,Whirlygig - MOB,20949-229177-60900-22 | a-CONE_v-PROG_c-dCPM_b1-PROSP_b2-MCDP_b3-CL_b4-HM_b5-NA_m-NA_s-300x250|20949-229177-60900-22,Mobile,Blocking,460020,439090,20930,18627,94,0,0,0,445287,2442,106724,298976,439090,0.0,439090,106724,298976,NULL,NULL,0.0,0,0.0,439090,0.0,0
6631,Lavidge_McDonalds,GCM GMA - 2017,Whirlygig - MOB,a-MCDN_v-PROG_c-dCPM_b1-GCM_b2-GMA_b3-MOB_b4-APL_m-GMA0904_s-300x250|22430281,Mobile,Blocking,456188,441168,15020,12815,213,0,0,0,360425,2081,106412,270341,441168,0.0,441168,106412,270341,NULL,NULL,0.0,0,0.0,441168,0.0,0
6631,Lavidge_McDonalds,GCM GMA - 2017,Whirlygig - MOB,a-MCDN_v-PROG_c-dCPM_b1-GCM_b2-GMA_b3-MOB_b4-AND_m-GMA0904_s-300x250|22430283,Mobile,Blocking,451381,443039,8342,5420,311,0,0,0,382779,2838,48693,121810,443039,0.0,443039,48693,121810,NULL,NULL,0.0,0,0.0,443039,0.0,0
8218,Lavidge_ASU,ASU SoCal_FY17-18,Whirlygig - MOB,a-ASUSC_v-PROG_c-dCPM_b1-SC_b2-MOB_b3-NA_m-NA_s-300x250|22319485,Mobile,Blocking,432515,389642,42873,40871,124,0,0,0,429745,2150,139755,227200,389642,0.0,389642,139755,227200,NULL,NULL,0.0,0,0.0,389642,0.0,0
8218,Lavidge_ASU,ASU SoCal_FY17-18,Whirlygig - PROSP,a-ASUSC_v-PROG_c-dCPM_b1-SC_b2-PROSP_b3-NA_m-NA_s-728x90|22319484,Desktop,Blocking,417345,383438,33907,22591,188,0,0,0,417069,11555,195595,160920,383438,0.0,383438,195595,160920,NULL,NULL,0.0,0,0.0,383438,0.0,0
8523,Lavidge_GOYFF,GOYFF-Parents,Whirlygig - MOB,WGIG_MOB-GOYFF_Parents-Prescription-300x250|21166582,Mobile,Blocking,413393,407730,5663,1952,2739,0,0,0,378063,1708,57613,63934,407730,0.0,407748,57613,63934,NULL,NULL,0.0,0,0.0,407748,0.0,0
8218,Lavidge_ASU,ASU MLFTC_FY16-17,Whirlygig - PROSP,WGIG_PROSP-MLFTC-Masters-300x250|20108914,Desktop,Blocking,403758,390738,13020,5819,63,0,1362,0,403369,5893,211055,152594,390738,0.0,390951,211055,152594,NULL,NULL,0.0,0,0.0,390951,0.0,0
7414,Lavidge_AAA,AAA of Arizona - 2017 - GCM,Whirlygig - PROSP,a-AAA_v-PROG_c-dCPM_b1-GCM_b2-PROSP_b3-PROSP_m-AZGCMP2A_s-320x50|22457197,Mobile,Blocking,392708,383904,8804,5328,206,0,0,0,392455,3453,261366,102694,383904,0.0,383904,261366,102694,NULL,NULL,0.0,0,0.0,383904,0.0,0
8218,Lavidge_ASU,ASU MLFTC_FY16-17,Whirlygig - PROSP,WGIG_PROSP-MLFTC-Masters-728x90|20108915,Desktop,Blocking,388279,368038,20241,9762,47,0,1523,0,388051,9090,201556,148717,368038,0.0,368239,201556,148717,NULL,NULL,0.0,0,0.0,368239,0.0,0
7414,Lavidge_AAA,AAA of Arizona - 2017 - GCM,Whirlygig - PROSP,a-AAA_v-PROG_c-dCPM_b1-GCM_b2-PROSP_b3-PROSP_m-AZGCMP1F_s-320x50|22457187,Mobile,Blocking,380722,372122,8600,5288,205,0,0,0,380478,3293,254152,98830,372122,0.0,372122,254152,98830,NULL,NULL,0.0,0,0.0,372122,0.0,0
6643,Lavidge_Cable ONE,2017 Interactive Media - Acquisition,Whirlygig - MOB RET,20949-229177-60901-14 | a-CONE_v-PROG_c-dCPM_b1-RET_b2-MCDR_b3-CL_b4-HM_b5-NA_m-NA_s-300x250|20949-229177-60901-14,Mobile,Blocking,375813,356720,19093,17254,97,0,0,0,327472,1940,73700,194972,356720,0.0,356744,73700,194972,NULL,NULL,0.0,0,0.0,356744,0.0,0
6643,Lavidge_Cable ONE,2017 Interactive Media - Acquisition,Whirlygig - PROSP,20949-229177-60896-20 | a-CONE_v-PROG_c-dCPM_b1-PROSP_b2-PROSP_b3-CL_b4-HM_b5-NA_b6-ROE_m-NA_s-160x600|20949-229177-60896-20,Desktop,Blocking,373840,349183,24657,13266,60,0,0,0,348346,11520,185520,119272,349183,0.0,349183,185520,119272,NULL,NULL,0.0,0,0.0,349183,0.0,0
8218,Lavidge_ASU,ASU WP SM_FY16-17,Whirlygig - PROSP,a-ASUWPC_v-PROG_c-dCPM_b1-SM_b2-PROSP_b3-AZ_m-NA_s-160x600|22174250,Desktop,Blocking,367054,350298,16756,9013,54,0,1303,0,366782,6490,188244,129669,350298,0.0,350343,188244,129669,NULL,NULL,0.0,0,0.0,350343,0.0,0
6643,Lavidge_Cable ONE,2017 Interactive Media - Acquisition,Whirlygig - PROSP,20949-229177-60896-22 | a-CONE_v-PROG_c-dCPM_b1-PROSP_b2-PROSP_b3-CL_b4-HM_b5-NA_b6-ROE_m-NA_s-300x600|20949-229177-60896-22,Desktop,Blocking,367019,351002,16017,12596,16,0,0,0,352173,3540,183830,109293,351002,0.0,351002,183830,109293,NULL,NULL,0.0,0,0.0,351002,0.0,0
8218,Lavidge_ASU,ASU_TBird_FY16-17,Whirlygig - RET,WGIG_RET-TBird-300x250,Desktop,Blocking,365618,354111,11507,7397,132,0,1683,0,365050,2383,193279,151220,354111,0.0,354111,193279,151220,NULL,NULL,0.0,0,0.0,354111,0.0,0
8218,Lavidge_ASU,ASU WP MBA_FY16-17,Whirlygig - PROSP,a-ASUWPC_v-PROG_c-dCPM_b1-MBA_b2-PROSP_b3-AZ_m-NA_s-728x90|22174035,Desktop,Blocking,360655,341435,19220,8988,43,0,2935,0,360428,7445,149807,171437,341435,0.0,341486,149807,171437,NULL,NULL,0.0,0,0.0,341486,0.0,0
8218,Lavidge_ASU,ASU WP MBA_FY16-17,Poets and Quants,a-ASUWPC_v-PQ_c-dCPM_b1-MBA_b2-SD_b3-NAT_m-NA_s-300x250|22338976,Desktop,Monitoring,355714,244691,111023,2,106820,0,0,0,343159,4952,184647,119996,350745,0.0,354104,184647,119996,NULL,NULL,0.0,0,0.0,354104,0.0,0
7414,Lavidge_AAA,AAA of Arizona - 2017 - GCM,Whirlygig - PROSP,a-AAA_v-PROG_c-dCPM_b1-GCM_b2-PROSP_b3-PROSP_m-AZGCMP1O_s-320x50|22457192,Mobile,Blocking,343580,335787,7793,4681,210,0,0,0,343377,3082,229017,89248,335787,0.0,335787,229017,89248,NULL,NULL,0.0,0,0.0,335787,0.0,0
9263,Lavidge_APS,APS - Corporate,Whirlygig - PROSP,a-APS_b6-CORP_v-PROG_m-DAM_c-dCPM_b1-STPROSP_b2-PROG_b3-NL_b4-NE_b5-CE_s-300x250|22127019,Mobile,Blocking,340150,318492,21658,19854,62,0,0,0,338123,1892,134894,170352,318492,0.0,318503,134894,170352,NULL,NULL,0.0,0,0.0,318503,0.0,0
6631,Lavidge_McDonalds,HCM ROD Spanish - 2017,Whirlygig - PROSP,a-MCDN_v-PROG_c-dCPM_b1-HCM_b2-RODSPA_b3-DIS_b4-NA_m-MP2F50828_s-160x600,Desktop,Blocking,334408,321955,12453,2564,27,0,0,0,334154,9914,223860,68400,321955,0.0,321955,223860,68400,NULL,NULL,0.0,0,0.0,321955,0.0,0
8218,Lavidge_ASU,ASU SoCal_FY17-18,Whirlygig - MOB,a-ASUSC_v-PROG_c-dCPM_b1-SC_b2-GF_b3-NA_m-NA_s-320x50|22319494,Mobile,Blocking,333181,332793,388,4,47,0,0,0,150431,352,133782,85233,332793,0.0,332793,133782,85233,NULL,NULL,0.0,0,0.0,332793,0.0,0
9263,Lavidge_APS,APS - Corporate,Whirlygig - PROSP,a-APS_b6-CORP_v-PROG_m-DAM_c-dCPM_b1-STPROSP_b2-PROG_b3-NL_b4-NE_b5-REL_s-300x250|21810782,Mobile,Blocking,332368,310629,21739,19955,57,0,0,0,330395,1861,132144,165615,310629,0.0,310629,132144,165615,NULL,NULL,0.0,0,0.0,310629,0.0,0
6643,Lavidge_Cable ONE,2017 Interactive Media - Acquisition,Whirlygig - PROSP,20949-229177-60896-18 | a-CONE_v-PROG_c-dCPM_b1-PROSP_b2-PROSP_b3-ATT_b4-HM_b5-NA_b6-ROE_m-NA_s-300x600|20949-229177-60896-18,Desktop,Blocking,332136,316073,16063,10545,26,0,0,0,326981,5654,177887,129641,316073,0.0,316073,177887,129641,NULL,NULL,0.0,0,0.0,316073,0.0,0
6631,Lavidge_McDonalds,HCM ROD English - 2017,Whirlygig - VID,a-MCDN_v-PROG_c-dCPM_b1-HCM_b2-RODENG_b3-VID_b4-NA_m-MP2F50828_s-15sVAST|22365741,Desktop,Monitoring,323003,307426,15577,7897,311,0,0,0,162212,7476,113,278,315527,0.0,322831,113,278,NULL,NULL,0.0,0,0.0,322831,0.0,0
9263,Lavidge_APS,APS - Corporate,Whirlygig - PROSP,a-APS_b6-CORP_v-PROG_m-DAM_c-dCPM_b1-STPROSP_b2-PROG_b3-NL_b4-NE_b5-MGS_s-300x250|21883463,Mobile,Blocking,319779,298922,20857,19098,63,0,0,0,317881,1848,126548,160117,298922,0.0,298939,126548,160117,NULL,NULL,0.0,0,0.0,298939,0.0,0
8218,Lavidge_ASU,ASU WP MBA_FY16-17,Whirlygig - MOB,a-ASUWPC_v-PROG_c-dCPM_b1-MBA_b2-MOB_b3-AZ_m-MBAPDDISP_s-300x250|22610004,Mobile,Blocking,316906,282172,34734,29447,17,0,3658,0,315012,1761,110705,160543,282172,0.0,282172,110705,160543,NULL,NULL,0.0,0,0.0,282172,0.0,0
9263,Lavidge_APS,APS - Corporate,Whirlygig - PROSP,a-APS_b6-CORP_v-PROG_m-DAM_c-dCPM_b1-STPROSP_b2-PROG_b3-NL_b4-NE_b5-MGS_s-728x90|21883467,Desktop,Blocking,314590,292695,21895,12675,21,0,0,0,314091,9608,151435,119299,292695,0.0,292741,151435,119299,NULL,NULL,0.0,0,0.0,292741,0.0,0
6631,Lavidge_McDonalds,HCM ROD Spanish - 2017,Whirlygig - MOB,a-MCDN_v-PROG_c-dCPM_b1-HCM_b2-RODSPA_b3-MOB_b4-NA_m-MP2F50828_s-300x250,Mobile,Blocking,313273,300010,13263,10440,129,0,0,0,309789,2856,86390,154025,300010,0.0,300010,86390,154025,NULL,NULL,0.0,0,0.0,300010,0.0,0
6631,Lavidge_McDonalds,HCM ROD English - 2017,Whirlygig - PROSP,a-MCDN_v-PROG_c-dCPM_b1-HCM_b2-RODENG_b3-DIS_b4-NA_m-MP2F50828_s-300x250,Desktop,Blocking,301363,285996,15367,6552,61,0,0,0,299917,8895,160753,110084,285996,0.0,285996,160753,110084,NULL,NULL,0.0,0,0.0,285996,0.0,0
7414,Lavidge_AAA,AAA of Arizona - 2017 - GCM,Whirlygig - PROSP,a-AAA_v-PROG_c-dCPM_b1-GCM_b2-PROSP_b3-PROSP_m-AZGCMP2P_s-320x50|22457207,Mobile,Blocking,299632,292947,6685,4016,198,0,0,0,299428,2645,199462,78255,292947,0.0,292947,199462,78255,NULL,NULL,0.0,0,0.0,292947,0.0,0
6643,Lavidge_Cable ONE,2017 Interactive Media - Acquisition,Whirlygig - MOB RET,20949-229177-60901-15 | a-CONE_v-PROG_c-dCPM_b1-RET_b2-MCDR_b3-CL_b4-HM_b5-NA_m-NA_s-320x50|20949-229177-60901-15,Mobile,Blocking,298339,288715,9624,8377,97,0,0,0,252670,1265,118423,111449,288715,0.0,288741,118423,111449,NULL,NULL,0.0,0,0.0,288741,0.0,0
9263,Lavidge_APS,APS - Corporate,Whirlygig - PROSP,a-APS_b6-CORP_v-PROG_m-DAM_c-dCPM_b1-STPROSP_b2-PROG_b3-NL_b4-NE_b5-SHMWK_s-728x90|22127029,Desktop,Blocking,297461,276546,20915,12176,26,0,0,0,296969,9096,144212,111704,276546,0.0,276587,144212,111704,NULL,NULL,0.0,0,0.0,276587,0.0,0
7414,Lavidge_AAA,AAA NCNU,Whirlygig - PROSP,a-NCNU_v-PROG_c-dCPM_b1-NCNU_b2-PROSP_b3-ROE_m-NCNUGP2P_s-728x90|22393411,Desktop,Blocking,296096,255110,40986,7696,3087,0,0,0,294459,31569,181031,64167,255110,0.0,255110,181031,64167,NULL,NULL,0.0,0,0.0,255110,0.0,0
6643,Lavidge_Cable ONE,2017 Interactive Media - Acquisition,Whirlygig - RET,20949-229177-60897-5 | a-CONE_v-PROG_c-dCPM_b1-RET_b2-RET_b3-CL_b4-HM_b5-NA_m-NA_s-300x250|20949-229177-60897-5,Desktop,Blocking,289879,279789,10090,7356,7,0,0,0,273836,2771,126455,146160,279789,0.0,279823,126455,146160,NULL,NULL,0.0,0,0.0,279823,0.0,0
6631,Lavidge_McDonalds,HCM BFAST - 2017,Whirlygig - MOB,a-MCDN_v-PROG_c-dCPM_b1-HCM_b2-BFAST_b3-MOB_b4-NA_m-1SBASC0828_s-300x250,Mobile,Blocking,289769,282075,7694,4573,73,0,0,0,285867,3141,82291,133650,282075,0.0,282075,82291,133650,NULL,NULL,0.0,0,0.0,282075,0.0,0
7414,Lavidge_AAA,AAA of Arizona - 2017 - GCM,Whirlygig - PROSP,a-AAA_v-PROG_c-dCPM_b1-GCM_b2-PROSP_b3-PROSP_m-AZGCMP2B_s-320x50|22457202,Mobile,Blocking,286317,280058,6259,3688,189,0,0,0,286141,2526,190697,74561,280058,0.0,280058,190697,74561,NULL,NULL,0.0,0,0.0,280058,0.0,0
6631,Lavidge_McDonalds,HCM ROD English - 2017,Whirlygig - PROSP,a-MCDN_v-PROG_c-dCPM_b1-HCM_b2-RODENG_b3-DIS_b4-NA_m-MP2F50828_s-728x90,Desktop,Blocking,285807,267095,18712,6480,55,0,0,0,285142,12316,159659,94347,267095,0.0,267095,159659,94347,NULL,NULL,0.0,0,0.0,267095,0.0,0
6631,Lavidge_McDonalds,GCM ROD - 2017,Whirlygig - MOB,a-MCDN_v-PROG_c-dCPM_b1-GCM_b2-RODENG_b3-MOB_b4-NA_m-MP2F50828_s-300x250,Mobile,Blocking,285305,270257,15048,12390,133,0,0,0,282554,2701,68861,135845,270257,0.0,270257,68861,135845,NULL,NULL,0.0,0,0.0,270257,0.0,0
7414,Lavidge_AAA,AAA of Arizona - 2017 - GCM,Whirlygig - PROSP,a-AAA_v-PROG_c-dCPM_b1-GCM_b2-PROSP_b3-PROSP_m-AZGCMP2A_s-728x90|22457198,Desktop,Blocking,284828,263119,21709,10512,1011,0,0,0,284038,10457,157422,93510,263119,0.0,263120,157422,93510,NULL,NULL,0.0,0,0.0,263120,0.0,0
7414,Lavidge_AAA,AAA NCNU,Whirlygig - PROSP,a-NCNU_v-PROG_c-dCPM_b1-NCNU_b2-PROSP_b3-ROE_m-NCNUGP1O_s-728x90|22393386,Desktop,Blocking,284643,245512,39131,7307,3225,0,0,0,282948,29994,170836,64293,245512,0.0,245512,170836,64293,NULL,NULL,0.0,0,0.0,245512,0.0,0
7414,Lavidge_AAA,AAA of Arizona - 2017 - GCM,Whirlygig - PROSP,a-AAA_v-PROG_c-dCPM_b1-GCM_b2-PROSP_b3-PROSP_m-AZGCMP1C_s-320x50|22457182,Mobile,Blocking,282340,275766,6574,3940,191,0,0,0,282141,2618,187541,73741,275766,0.0,275766,187541,73741,NULL,NULL,0.0,0,0.0,275766,0.0,0
8218,Lavidge_ASU,ASU SoCal_FY17-18,Whirlygig - PROSP,a-ASUSC_v-PROG_c-dCPM_b1-SC_b2-PROSP_b3-NA_m-NA_s-160x600|22319481,Desktop,Blocking,279694,255510,24184,14274,198,0,0,0,279448,9991,142510,90055,255510,0.0,255510,142510,90055,NULL,NULL,0.0,0,0.0,255510,0.0,0
7414,Lavidge_AAA,AAA NCNU,Whirlygig - PROSP,a-NCNU_v-PROG_c-dCPM_b1-NCNU_b2-PROSP_b3-ROE_m-NCNUGP2B_s-160x600|22393396,Desktop,Blocking,278471,242419,36052,10218,2083,0,0,0,277320,24821,102301,116368,242419,0.0,242419,102301,116368,NULL,NULL,0.0,0,0.0,242419,0.0,0
7414,Lavidge_AAA,AAA of Arizona - 2017 - GCM,Whirlygig - PROSP,a-AAA_v-PROG_c-dCPM_b1-GCM_b2-PROSP_b3-PROSP_m-AZGCMP2P_s-728x90|22457208,Desktop,Blocking,278418,256725,21693,10433,994,0,0,0,277691,10513,154678,90858,256725,0.0,256728,154678,90858,NULL,NULL,0.0,0,0.0,256728,0.0,0
7414,Lavidge_AAA,AAA NCNU,Whirlygig - PROSP,a-NCNU_v-PROG_c-dCPM_b1-NCNU_b2-PROSP_b3-ROE_m-NCNUGP1O_s-160x600|22393379,Desktop,Blocking,276729,242175,34554,9935,2001,0,0,0,275582,23585,103445,116556,242175,0.0,242175,103445,116556,NULL,NULL,0.0,0,0.0,242175,0.0,0
7414,Lavidge_AAA,AAA NCNU,Whirlygig - PROSP,a-NCNU_v-PROG_c-dCPM_b1-NCNU_b2-PROSP_b3-ROE_m-NCNUGP1C_s-728x90|22393370,Desktop,Blocking,274381,237033,37348,7447,2974,0,0,0,272783,28140,165947,60996,237033,0.0,237033,165947,60996,NULL,NULL,0.0,0,0.0,237033,0.0,0
7414,Lavidge_AAA,AAA NCNU,Whirlygig - PROSP,a-NCNU_v-PROG_c-dCPM_b1-NCNU_b2-PROSP_b3-ROE_m-NCNUGP2B_s-728x90|22393403,Desktop,Blocking,273785,236485,37300,6966,3120,0,0,0,272151,28462,165928,60794,236485,0.0,236485,165928,60794,NULL,NULL,0.0,0,0.0,236485,0.0,0
8218,Lavidge_ASU,ASU_TBird_FY16-17,Whirlygig - RET,WGIG_RET-TBird-728x90,Desktop,Blocking,272789,260194,12595,8953,95,0,1515,0,272604,2103,130375,123108,260194,0.0,260194,130375,123108,NULL,NULL,0.0,0,0.0,260194,0.0,0
7414,Lavidge_AAA,AAA NCNU,Whirlygig - PROSP,a-NCNU_v-PROG_c-dCPM_b1-NCNU_b2-PROSP_b3-ROE_m-NCNUGP1F_s-728x90|22393377,Desktop,Blocking,272763,235899,36864,6778,2835,0,0,0,271149,28511,167625,59033,235899,0.0,235899,167625,59033,NULL,NULL,0.0,0,0.0,235899,0.0,0
9263,Lavidge_APS,APS - Corporate,Whirlygig - PROSP,a-APS_b6-CORP_v-PROG_m-DAM_c-dCPM_b1-STPROSP_b2-PROG_b3-NL_b4-NE_b5-SHMWK_s-300x250|22127025,Mobile,Blocking,266751,249693,17058,15509,61,0,0,0,265078,1599,105794,133450,249693,0.0,249710,105794,133450,NULL,NULL,0.0,0,0.0,249710,0.0,0
7414,Lavidge_AAA,AAA of Arizona - 2017 - HCM,Whirlygig - PROSP,a-AAA_v-PROG_c-dCPM_b1-HCM_b2-PROSP_b3-PROSP_m-AZHCMPAT_s-300x250|22429942,Desktop,Blocking,261948,252228,9720,6257,39,0,0,0,260992,3471,136309,95580,252228,0.0,252229,136309,95580,NULL,NULL,0.0,0,0.0,252229,0.0,0
7414,Lavidge_AAA,AAA of Arizona - 2017 - GCM,Whirlygig - PROSP,a-AAA_v-PROG_c-dCPM_b1-GCM_b2-PROSP_b3-PROSP_m-AZGCMP2B_s-728x90|22457203,Desktop,Blocking,261624,241172,20452,9763,1034,0,0,0,260951,9908,144116,86139,241172,0.0,241176,144116,86139,NULL,NULL,0.0,0,0.0,241176,0.0,0
9263,Lavidge_APS,APS - Corporate,Whirlygig - PROSP,a-APS_b6-CORP_v-PROG_m-DAM_c-dCPM_b1-STPROSP_b2-PROG_b3-NL_b4-NE_b5-CE_s-300x250|22127019,Desktop,Blocking,260810,243906,16904,11545,37,0,0,0,259889,5544,121031,97178,243906,0.0,243945,121031,97178,NULL,NULL,0.0,0,0.0,243945,0.0,0
8218,Lavidge_ASU,ASU WP MBA_FY16-17,Poets and Quants,a-ASUWPC_v-PQ_c-dCPM_b1-MBA_b2-SD_b3-NAT_m-NA_s-300x250|22338976,Mobile,Monitoring,258688,170281,88407,110,87506,0,0,0,258281,1046,25257,223873,257641,0.0,258641,25257,223873,NULL,NULL,0.0,0,0.0,258641,0.0,0
9263,Lavidge_APS,APS - Corporate,Whirlygig - PROSP,a-APS_b6-CORP_v-PROG_m-DAM_c-dCPM_b1-STPROSP_b2-PROG_b3-NL_b4-NE_b5-REL_s-300x250|21810782,Desktop,Blocking,256611,239964,16647,11354,41,0,0,0,255701,5492,118606,96233,239964,0.0,239964,118606,96233,NULL,NULL,0.0,0,0.0,239964,0.0,0
6631,Lavidge_McDonalds,GCM BFAST - 2017,Whirlygig - PROSP,a-MCDN_v-PROG_c-dCPM_b1-GCM_b2-BFAST_b3-DIS_b4-NA_m-1SBASC0828_s-160x600,Desktop,Blocking,255626,244307,11319,1401,35,0,0,0,255170,9922,174860,43299,244307,0.0,244307,174860,43299,NULL,NULL,0.0,0,0.0,244307,0.0,0
8218,Lavidge_ASU,ASU WP MBA_FY16-17,Whirlygig - PROSP,a-ASUWPC_v-PROG_c-dCPM_b1-MBA_b2-PROSP_b3-AZ_m-NA_s-160x600|22174031,Desktop,Blocking,250138,238189,11949,4106,28,0,1038,0,249924,6843,118504,96172,238189,0.0,238228,118504,96172,NULL,NULL,0.0,0,0.0,238228,0.0,0
8218,Lavidge_ASU,ASU OOP_Amazon_FY17-18,Whirlygig - VID,a-OOPAMC_v-PROG_c-dCPM_b1-OOP_b2-VIDPROSP_b3-NA_m-NA_s-VASTVid30s|22580714,Desktop,Monitoring,249790,234248,15542,9513,498,0,0,0,158473,5719,5150,16632,244071,0.0,249709,5150,16632,NULL,NULL,0.0,0,0.0,249709,0.0,0
9263,Lavidge_APS,APS - Corporate,Whirlygig - PROSP,a-APS_b6-CORP_v-PROG_m-DAM_c-dCPM_b1-STPROSP_b2-PROG_b3-NL_b4-NE_b5-MGS_s-300x250|21883463,Desktop,Blocking,248203,232281,15922,10890,17,0,0,0,247299,5229,114387,93140,232281,0.0,232325,114387,93140,NULL,NULL,0.0,0,0.0,232325,0.0,0
7414,Lavidge_AAA,AAA of Arizona - 2017 - GCM,Whirlygig - PROSP,a-AAA_v-PROG_c-dCPM_b1-GCM_b2-PROSP_b3-PROSP_m-AZGCMP1F_s-728x90|22457188,Desktop,Blocking,246459,226820,19639,9402,1005,0,0,0,245786,9483,135824,81048,226820,0.0,226824,135824,81048,NULL,NULL,0.0,0,0.0,226824,0.0,0
8771,Lavidge_Phoenix International Raceway,PIR_Fall2017_Can-Am500,Whirlygig - PROSP,a-PIR_v-PROG_c-dCPM_b1-FR2017_b2-PROSP_b3-PROSP_b4-AZ_m-NA_s-320x50|22529873,Mobile,Blocking,241096,218942,22154,20990,11,0,0,0,240752,1242,160461,51905,218942,0.0,218942,160461,51905,NULL,NULL,0.0,0,0.0,218942,0.0,0
6643,Lavidge_Cable ONE,2017 Interactive Media - Acquisition,Whirlygig - PROSP,20949-229177-60896-5 | a-CONE_v-PROG_c-dCPM_b1-PROSP_b2-PROSP_b3-CL_b4-HM_b5-NA_m-NA_s-300x250|20949-229177-60896-5,Desktop,Blocking,240417,231019,9398,5589,3,0,0,0,237539,3916,132065,96195,231019,0.0,231047,132065,96195,NULL,NULL,0.0,0,0.0,231047,0.0,0
8218,Lavidge_ASU,ASU MLFTC_FY16-17,Whirlygig - PROSP,WGIG_PROSP-MLFTC-Masters-160x600|20108913,Desktop,Blocking,240219,229597,10622,3947,47,0,641,0,240117,6053,127015,83316,229597,0.0,229777,127015,83316,NULL,NULL,0.0,0,0.0,229777,0.0,0
6643,Lavidge_Cable ONE,2017 Interactive Media - Acquisition,Whirlygig - MOB RET,20949-229177-60901-12 | a-CONE_v-PROG_c-dCPM_b1-RET_b2-MCDR_b3-ATT_b4-HM_b5-NA_m-NA_s-300x250|20949-229177-60901-12,Mobile,Blocking,238905,226165,12740,11765,49,0,0,0,205008,1030,50915,115263,226165,0.0,226178,50915,115263,NULL,NULL,0.0,0,0.0,226178,0.0,0
7414,Lavidge_AAA,AAA NCNU,Whirlygig - PROSP,a-NCNU_v-PROG_c-dCPM_b1-NCNU_b2-PROSP_b3-ROE_m-NCNUGP2A_s-160x600|22393388,Desktop,Blocking,235971,206115,29856,8564,1769,0,0,0,234960,20347,89427,97099,206115,0.0,206115,89427,97099,NULL,NULL,0.0,0,0.0,206115,0.0,0
9263,Lavidge_APS,APS - Corporate,Whirlygig - PROSP,a-APS_b6-CORP_v-PROG_m-DAM_c-dCPM_b1-STPROSP_b2-PROG_b3-NL_b4-NE_b5-CE_s-728x90|22127023,Desktop,Blocking,234880,218224,16656,9637,13,0,0,0,234487,7308,113791,88061,218224,0.0,218270,113791,88061,NULL,NULL,0.0,0,0.0,218270,0.0,0
9263,Lavidge_APS,APS - Corporate,Whirlygig - PROSP,a-APS_b6-CORP_v-PROG_m-DAM_c-dCPM_b1-STPROSP_b2-PROG_b3-NL_b4-NE_b5-REL_s-728x90|21810786,Desktop,Blocking,233773,217496,16277,9380,28,0,0,0,233379,7187,112788,88633,217496,0.0,217496,112788,88633,NULL,NULL,0.0,0,0.0,217496,0.0,0
8218,Lavidge_ASU,ASU OOP_Amazon_FY17-18,Whirlygig - MOB,a-OOPAMC_v-PROG_c-dCPM_b1-OOP_b2-GF_b3-NA_m-NA_s-320x50|22555941,Mobile,Blocking,230890,230489,401,3,53,0,0,0,165651,348,98627,52514,230489,0.0,230489,98627,52514,NULL,NULL,0.0,0,0.0,230489,0.0,0
6643,Lavidge_Cable ONE,2017 Interactive Media - Acquisition,Whirlygig - RET,20949-229177-60897-7 | a-CONE_v-PROG_c-dCPM_b1-RET_b2-RET_b3-CL_b4-HM_b5-NA_m-NA_s-728x90|20949-229177-60897-7,Desktop,Blocking,227215,216954,10261,7689,4,0,0,0,218210,2642,89845,121524,216954,0.0,217001,89845,121524,NULL,NULL,0.0,0,0.0,217001,0.0,0
7414,Lavidge_AAA,AAA of Arizona - 2017 - GCM,Whirlygig - PROSP,a-AAA_v-PROG_c-dCPM_b1-GCM_b2-PROSP_b3-PROSP_m-AZGCMP2A_s-300x250|22457195,Desktop,Blocking,222883,207726,15157,4586,372,0,0,0,221890,10302,116535,80168,207726,0.0,207730,116535,80168,NULL,NULL,0.0,0,0.0,207730,0.0,0
6631,Lavidge_McDonalds,GCM GMA - 2017,Whirlygig - MOB,a-MCDN_v-PROG_c-dCPM_b1-GCM_b2-GMA_b3-MOB_b4-APL_m-GMA0904_s-300x250|22430281,Tablet,Blocking,222053,216449,5604,3462,44,0,0,0,167888,2149,83165,91775,216449,0.0,216449,83165,91775,NULL,NULL,0.0,0,0.0,216449,0.0,0
7414,Lavidge_AAA,AAA NCNU,Whirlygig - PROSP,a-NCNU_v-PROG_c-dCPM_b1-NCNU_b2-PROSP_b3-ROE_m-NCNUGP2A_s-728x90|22393395,Desktop,Blocking,220739,190700,30039,5764,2575,0,0,0,219371,22683,133323,49525,190700,0.0,190700,133323,49525,NULL,NULL,0.0,0,0.0,190700,0.0,0
7414,Lavidge_AAA,AAA NCNU,Whirlygig - PROSP,a-NCNU_v-PROG_c-dCPM_b1-NCNU_b2-PROSP_b3-ROE_m-NCNUGP2P_s-160x600|22393404,Desktop,Blocking,217658,189762,27896,7930,1643,0,0,0,216848,19052,80432,92376,189762,0.0,189762,80432,92376,NULL,NULL,0.0,0,0.0,189762,0.0,0
7414,Lavidge_AAA,AAA of Arizona - 2017 - GCM,Whirlygig - PROSP,a-AAA_v-PROG_c-dCPM_b1-GCM_b2-PROSP_b3-PROSP_m-AZGCMP1O_s-728x90|22457193,Desktop,Blocking,213042,197361,15681,7575,684,0,0,0,212475,7617,118172,69931,197361,0.0,197367,118172,69931,NULL,NULL,0.0,0,0.0,197367,0.0,0
7414,Lavidge_AAA,AAA of Arizona - 2017 - HCM,Whirlygig - PROSP,a-AAA_v-PROG_c-dCPM_b1-HCM_b2-PROSP_b3-PROSP_m-AZHCMPCA_s-300x250|22429947,Desktop,Blocking,212296,204516,7780,4927,30,0,0,0,211446,2871,110343,77451,204516,0.0,204516,110343,77451,NULL,NULL,0.0,0,0.0,204516,0.0,0
7414,Lavidge_AAA,AAA of Arizona - 2017 - HCM,Whirlygig - PROSP,a-AAA_v-PROG_c-dCPM_b1-HCM_b2-PROSP_b3-PROSP_m-AZHCMPLF_s-300x250|22429952,Desktop,Blocking,209636,201731,7905,5026,22,0,0,0,208896,2917,109840,76057,201731,0.0,201737,109840,76057,NULL,NULL,0.0,0,0.0,201737,0.0,0
7414,Lavidge_AAA,AAA of Arizona - 2017 - GCM,Whirlygig - PROSP,a-AAA_v-PROG_c-dCPM_b1-GCM_b2-PROSP_b3-PROSP_m-AZGCMP2B_s-300x250|22457200,Desktop,Blocking,207707,193065,14642,4743,332,0,0,0,206784,9675,109307,73776,193065,0.0,193069,109307,73776,NULL,NULL,0.0,0,0.0,193069,0.0,0
7414,Lavidge_AAA,AAA of Arizona - 2017 - GCM,Whirlygig - PROSP,a-AAA_v-PROG_c-dCPM_b1-GCM_b2-PROSP_b3-PROSP_m-AZGCMP1O_s-300x250|22457190,Desktop,Blocking,207041,191971,15070,4682,422,0,0,0,206136,10057,107479,75020,191971,0.0,191976,107479,75020,NULL,NULL,0.0,0,0.0,191976,0.0,0
9263,Lavidge_APS,APS - Corporate,Whirlygig - PROSP,a-APS_b6-CORP_v-PROG_m-DAM_c-dCPM_b1-STPROSP_b2-PROG_b3-NL_b4-NE_b5-SHMWK_s-300x250|22127025,Desktop,Blocking,206319,193347,12972,8731,17,0,0,0,205600,4415,95325,77402,193347,0.0,193386,95325,77402,NULL,NULL,0.0,0,0.0,193386,0.0,0
7414,Lavidge_AAA,AAA of Arizona - 2017 - GCM,Whirlygig - PROSP,a-AAA_v-PROG_c-dCPM_b1-GCM_b2-PROSP_b3-PROSP_m-AZGCMP1C_s-300x250|22457180,Desktop,Blocking,201020,187499,13521,4403,290,0,0,0,200141,8941,105123,72458,187499,0.0,187506,105123,72458,NULL,NULL,0.0,0,0.0,187506,0.0,0
8218,Lavidge_ASU,ASU WP UG_FY16-17,Whirlygig - PROSP,a-ASUWPC_v-PROG_c-dCPM_b1-UG_b2-PROSP_b3-AZ_m-NA_s-300x250|22173802,Desktop,Blocking,200468,193117,7351,3695,52,0,510,0,200240,3150,97542,85908,193117,0.0,193147,97542,85908,NULL,NULL,0.0,0,0.0,193147,0.0,0
8218,Lavidge_ASU,ASU WP SM_FY16-17,Whirlygig - PROSP,a-ASUWPC_v-PROG_c-dCPM_b1-SM_b2-PROSP_b3-AZ_m-NA_s-300x600|22174252,Desktop,Blocking,199041,189700,9341,3971,19,0,2585,0,198833,2842,108937,70273,189700,0.0,189736,108937,70273,NULL,NULL,0.0,0,0.0,189736,0.0,0
6631,Lavidge_McDonalds,GCM ROD - 2017,Whirlygig - PROSP,a-MCDN_v-PROG_c-dCPM_b1-GCM_b2-RODENG_b3-DIS_b4-NA_m-MP2F50828_s-300x250,Desktop,Blocking,195621,189636,5985,1328,42,0,0,0,194947,4658,148319,32019,189636,0.0,189636,148319,32019,NULL,NULL,0.0,0,0.0,189636,0.0,0
8218,Lavidge_ASU,ASU_TBird_FY16-17,Whirlygig - PROSP,WGIG_PROSP-TBird-Oil&Gas-300x250|22597027,Desktop,Blocking,194180,180595,13585,8502,1740,0,1347,0,193986,2108,101113,72230,180595,0.0,180595,101113,72230,NULL,NULL,0.0,0,0.0,180595,0.0,0
6631,Lavidge_McDonalds,HCM BFAST - 2017,Whirlygig - PROSP,a-MCDN_v-PROG_c-dCPM_b1-HCM_b2-BFAST_b3-DIS_b4-NA_m-1SBASC0828_s-160x600,Desktop,Blocking,193586,186802,6784,1122,26,0,0,0,193370,5652,127739,38912,186802,0.0,186802,127739,38912,NULL,NULL,0.0,0,0.0,186802,0.0,0
8218,Lavidge_ASU,ASU SoCal_FY17-18,Whirlygig - PROSP,a-ASUSC_v-PROG_c-dCPM_b1-SC_b2-PROSP_b3-NA_m-NA_s-300x600|22319483,Desktop,Blocking,188421,172745,15676,12739,86,0,0,0,188349,3056,100637,58768,172745,0.0,172745,100637,58768,NULL,NULL,0.0,0,0.0,172745,0.0,0
6631,Lavidge_McDonalds,HCM BFAST - 2017,Whirlygig - PROSP,a-MCDN_v-PROG_c-dCPM_b1-HCM_b2-BFAST_b3-DIS_b4-NA_m-1SBASC0828_s-728x90,Desktop,Blocking,188195,177875,10320,3407,29,0,0,0,187838,6958,121009,49109,177875,0.0,177875,121009,49109,NULL,NULL,0.0,0,0.0,177875,0.0,0
6631,Lavidge_McDonalds,GCM ROD - 2017,Whirlygig - PROSP,a-MCDN_v-PROG_c-dCPM_b1-GCM_b2-RODENG_b3-DIS_b4-NA_m-MP2F50828_s-160x600,Desktop,Blocking,188178,174407,13771,1167,38,0,0,0,187594,12588,126308,25040,174407,0.0,174407,126308,25040,NULL,NULL,0.0,0,0.0,174407,0.0,0
7414,Lavidge_AAA,AAA NCNU,Whirlygig - PROSP,a-NCNU_v-PROG_c-dCPM_b1-NCNU_b2-PROSP_b3-ROE_m-NCNUGP1F_s-160x600|22393371,Desktop,Blocking,187645,164117,23528,6866,1442,0,0,0,186932,15814,70020,79717,164117,0.0,164117,70020,79717,NULL,NULL,0.0,0,0.0,164117,0.0,0
6643,Lavidge_Cable ONE,2017 Interactive Media - Acquisition,Whirlygig - RET,20949-229177-60897-1 | a-CONE_v-PROG_c-dCPM_b1-RET_b2-RET_b3-ATT_b4-HM_b5-NA_m-NA_s-300x250|20949-229177-60897-1,Desktop,Blocking,185687,179290,6397,3902,3,0,0,0,177205,2524,85799,89664,179290,0.0,179319,85799,89664,NULL,NULL,0.0,0,0.0,179319,0.0,0
6631,Lavidge_McDonalds,GCM BFAST - 2017,Whirlygig - PROSP,a-MCDN_v-PROG_c-dCPM_b1-GCM_b2-BFAST_b3-DIS_b4-NA_m-1SBASC0828_s-728x90,Desktop,Blocking,184760,177215,7545,1475,39,0,0,0,184418,6091,136768,34303,177215,0.0,177215,136768,34303,NULL,NULL,0.0,0,0.0,177215,0.0,0
7414,Lavidge_AAA,AAA NCNU,Whirlygig - PROSP,a-NCNU_v-PROG_c-dCPM_b1-NCNU_b2-PROSP_b3-ROE_m-NCNUGP1F_s-300x250|22393372,Desktop,Blocking,180601,144862,35739,10082,4101,0,0,0,179376,22570,70489,65210,144862,0.0,144862,70489,65210,NULL,NULL,0.0,0,0.0,144862,0.0,0
8523,Lavidge_GOYFF,GOYFF-Parents,Whirlygig - PROSP,WGIG_PROSP-GOYFF_Parents-Prescription-300x250|21166572,Desktop,Blocking,178792,169862,8930,2822,2629,0,0,0,178666,3594,111685,50505,169862,0.0,169895,111685,50505,NULL,NULL,0.0,0,0.0,169895,0.0,0
8523,Lavidge_GOYFF,GOYFF-Parents,Whirlygig - PROSP,WGIG_PROSP-GOYFF_Parents-Prescription-728x90|21166575,Desktop,Blocking,178463,167145,11318,5665,2024,0,0,0,178383,4011,117071,43579,167145,0.0,167182,117071,43579,NULL,NULL,0.0,0,0.0,167182,0.0,0
7414,Lavidge_AAA,AAA of Arizona - 2017 - GCM,Whirlygig - PROSP,a-AAA_v-PROG_c-dCPM_b1-GCM_b2-PROSP_b3-PROSP_m-AZGCMP2P_s-300x250|22457205,Desktop,Blocking,172198,159672,12526,3892,326,0,0,0,171384,8394,89549,61891,159672,0.0,159672,89549,61891,NULL,NULL,0.0,0,0.0,159672,0.0,0
7414,Lavidge_AAA,AAA NCNU,Whirlygig - PROSP,a-NCNU_v-PROG_c-dCPM_b1-NCNU_b2-PROSP_b3-ROE_m-NCNUGP2A_s-320x50|22393393,Mobile,Blocking,171495,152519,18976,3409,10383,0,0,0,171225,5464,95936,46953,152519,0.0,152519,95936,46953,NULL,NULL,0.0,0,0.0,152519,0.0,0
7414,Lavidge_AAA,AAA NCNU,Whirlygig - PROSP,a-NCNU_v-PROG_c-dCPM_b1-NCNU_b2-PROSP_b3-ROE_m-NCNUGP1C_s-160x600|22393366,Desktop,Blocking,169976,147739,22237,6411,1347,0,0,0,169287,15058,62492,71872,147739,0.0,147739,62492,71872,NULL,NULL,0.0,0,0.0,147739,0.0,0
7414,Lavidge_AAA,AAA of Arizona - 2017 - GCM,Whirlygig - PROSP,a-AAA_v-PROG_c-dCPM_b1-GCM_b2-PROSP_b3-PROSP_m-AZGCMP1C_s-728x90|22457183,Desktop,Blocking,169397,156224,13173,6282,662,0,0,0,168965,6398,93509,55465,156224,0.0,156229,93509,55465,NULL,NULL,0.0,0,0.0,156229,0.0,0
7414,Lavidge_AAA,AAA NCNU,Whirlygig - PROSP,a-NCNU_v-PROG_c-dCPM_b1-NCNU_b2-PROSP_b3-ROE_m-NCNUGP2A_s-300x250|22393389,Desktop,Blocking,168498,135840,32658,9160,3740,0,0,0,167400,20651,66448,60974,135840,0.0,135840,66448,60974,NULL,NULL,0.0,0,0.0,135840,0.0,0
7414,Lavidge_AAA,AAA of Arizona - 2017 - GCM,Whirlygig - PROSP,a-AAA_v-PROG_c-dCPM_b1-GCM_b2-PROSP_b3-PROSP_m-AZGCMP2A_s-160x600|22457194,Desktop,Blocking,167636,156205,11431,4000,146,0,0,0,166995,7372,94202,51703,156205,0.0,156209,94202,51703,NULL,NULL,0.0,0,0.0,156209,0.0,0
7414,Lavidge_AAA,AAA of Arizona - 2017 - HCM,Whirlygig - PROSP,a-AAA_v-PROG_c-dCPM_b1-HCM_b2-PROSP_b3-PROSP_m-AZHCMPAT_s-728x90|22429945,Desktop,Blocking,167580,159789,7791,5489,30,0,0,0,167362,2344,79766,68454,159789,0.0,159793,79766,68454,NULL,NULL,0.0,0,0.0,159793,0.0,0
6631,Lavidge_McDonalds,GCM GMA - 2017,Whirlygig - VID,a-MCDN_v-PROG_c-dCPM_b1-GCM_b2-GMA_b3-VID_b4-APL_m-GMA0904_s-15sVAST|22430285,Mobile,Monitoring,166545,164670,1875,125,150,0,0,0,7004,1682,45,68,164863,0.0,166098,45,68,NULL,NULL,0.0,0,0.0,166098,0.0,0
6643,Lavidge_Cable ONE,2017 Interactive Media - Acquisition,Whirlygig - PROSP,20949-229177-60896-7 | a-CONE_v-PROG_c-dCPM_b1-PROSP_b2-PROSP_b3-CL_b4-HM_b5-NA_m-NA_s-728x90|20949-229177-60896-7,Desktop,Blocking,165589,155847,9742,6415,4,0,0,0,162449,3434,94221,59506,155847,0.0,155870,94221,59506,NULL,NULL,0.0,0,0.0,155870,0.0,0
8218,Lavidge_ASU,ASU WP MBA_FY16-17,Whirlygig - PROSP,a-ASUWPC_v-PROG_c-dCPM_b1-MBA_b2-PROSP_b3-AZ_m-NA_s-300x600|22174033,Desktop,Blocking,161747,154397,7350,3196,20,0,2010,0,161708,2200,81760,59449,154397,0.0,154430,81760,59449,NULL,NULL,0.0,0,0.0,154430,0.0,0
8218,Lavidge_ASU,ASU OOP_Amazon_FY17-18,Whirlygig - VID,a-OOPAMC_v-PROG_c-dCPM_b1-OOP_b2-VIDPROSP_b3-NA_m-NA_s-VASTVid30s|22580714,Mobile,Monitoring,160547,159542,1005,475,55,0,0,0,43827,500,258,447,160047,0.0,160546,258,447,NULL,NULL,0.0,0,0.0,160546,0.0,0
7414,Lavidge_AAA,AAA NCNU,Whirlygig - PROSP,a-NCNU_v-PROG_c-dCPM_b1-NCNU_b2-PROSP_b3-ROE_m-NCNUGP2P_s-300x250|22393406,Desktop,Blocking,159370,128086,31284,8966,3776,0,0,0,158291,19391,62915,56628,128086,0.0,128086,62915,56628,NULL,NULL,0.0,0,0.0,128086,0.0,0
6631,Lavidge_McDonalds,GCM GMA - 2017,Whirlygig - VID,a-MCDN_v-PROG_c-dCPM_b1-GCM_b2-GMA_b3-VID_b4-APL_m-GMA0904_s-15sVAST|22430285,Desktop,Monitoring,158713,154010,4703,2290,314,0,0,0,77150,2113,3223,4207,156600,0.0,158098,3223,4207,NULL,NULL,0.0,0,0.0,158098,0.0,0
6643,Lavidge_Cable ONE,2017 Interactive Media - Acquisition,Whirlygig - MOB RET,20949-229177-60901-13 | a-CONE_v-PROG_c-dCPM_b1-RET_b2-MCDR_b3-ATT_b4-HM_b5-NA_m-NA_s-320x50|20949-229177-60901-13,Mobile,Blocking,158551,154155,4396,3717,16,0,0,0,127429,711,63085,59452,154155,0.0,154170,63085,59452,NULL,NULL,0.0,0,0.0,154170,0.0,0
8218,Lavidge_ASU,ASU SoCal_FY17-18,Whirlygig - RET,a-ASUSC_v-PROG_c-dCPM_b1-SC_b2-RET_b3-NA_m-NA_s-300x250|22319488,Desktop,Blocking,157352,148271,9081,6904,151,0,0,0,157297,2100,76106,61161,148271,0.0,148271,76106,61161,NULL,NULL,0.0,0,0.0,148271,0.0,0
6631,Lavidge_McDonalds,HCM GMA - 2017,Whirlygig - MOB,a-MCDN_v-PROG_c-dCPM_b1-HCM_b2-GMA_b3-MOB_b4-APL_m-GMA0904_s-300x250|22430262,Tablet,Blocking,156644,151447,5197,3076,80,0,0,0,140946,2144,45499,74131,151447,0.0,151447,45499,74131,NULL,NULL,0.0,0,0.0,151447,0.0,0
7414,Lavidge_AAA,AAA NCNU,Whirlygig - PROSP,a-NCNU_v-PROG_c-dCPM_b1-NCNU_b2-PROSP_b3-ROE_m-NCNUGP1C_s-320x50|22393369,Mobile,Blocking,156449,139533,16916,3195,9150,0,0,0,156226,4816,88346,42617,139533,0.0,139533,88346,42617,NULL,NULL,0.0,0,0.0,139533,0.0,0
7414,Lavidge_AAA,AAA of Arizona - 2017 - GCM,Whirlygig - PROSP,a-AAA_v-PROG_c-dCPM_b1-GCM_b2-PROSP_b3-PROSP_m-AZGCMP1C_s-160x600|22457179,Desktop,Blocking,155661,144431,11230,3691,130,0,0,0,155014,7496,87685,47865,144431,0.0,144434,87685,47865,NULL,NULL,0.0,0,0.0,144434,0.0,0
7414,Lavidge_AAA,AAA NCNU,Whirlygig - PROSP,a-NCNU_v-PROG_c-dCPM_b1-NCNU_b2-PROSP_b3-ROE_m-NCNUGP1O_s-300x250|22393381,Desktop,Blocking,155596,125863,29733,8380,3318,0,0,0,154574,18903,61674,56517,125863,0.0,125863,61674,56517,NULL,NULL,0.0,0,0.0,125863,0.0,0
8771,Lavidge_Phoenix International Raceway,PIR_Fall2017_Can-Am500,Whirlygig - PROSP,a-PIR_v-PROG_c-dCPM_b1-FR2017_b2-PROSP_b3-PROSP_b4-AZ_m-NA_s-300x250|22529869,Desktop,Blocking,153057,144868,8189,5877,36,0,0,0,152911,2389,92491,44068,144868,0.0,144870,92491,44068,NULL,NULL,0.0,0,0.0,144870,0.0,0
6631,Lavidge_McDonalds,GCM BFAST - 2017,Whirlygig - MOB,a-MCDN_v-PROG_c-dCPM_b1-GCM_b2-BFAST_b3-MOB_b4-NA_m-1SBASC0828_s-300x250,Tablet,Blocking,152571,145344,7227,4120,76,0,0,0,150886,3148,58363,72063,145344,0.0,145344,58363,72063,NULL,NULL,0.0,0,0.0,145344,0.0,0
8218,Lavidge_ASU,ASU_TBird_FY16-17,Whirlygig - PROSP,WGIG_PROSP-TBird-Oil&Gas-728x90|22597030,Desktop,Blocking,149603,139102,10501,6504,1454,0,704,0,149554,1922,72590,61585,139102,0.0,139102,72590,61585,NULL,NULL,0.0,0,0.0,139102,0.0,0
7414,Lavidge_AAA,AAA NCNU,Whirlygig - PROSP,a-NCNU_v-PROG_c-dCPM_b1-NCNU_b2-PROSP_b3-ROE_m-NCNUGP1O_s-320x50|22393384,Mobile,Blocking,148981,133303,15678,3026,7911,0,0,0,148740,4965,84199,40302,133303,0.0,133303,84199,40302,NULL,NULL,0.0,0,0.0,133303,0.0,0
7414,Lavidge_AAA,AAA NCNU,Whirlygig - PROSP,a-NCNU_v-PROG_c-dCPM_b1-NCNU_b2-PROSP_b3-ROE_m-NCNUGP2B_s-320x50|22393402,Mobile,Blocking,148819,132688,16131,2904,8550,0,0,0,148575,4874,82652,41348,132688,0.0,132688,82652,41348,NULL,NULL,0.0,0,0.0,132688,0.0,0
7414,Lavidge_AAA,AAA of Arizona - 2017 - GCM,Whirlygig - PROSP,a-AAA_v-PROG_c-dCPM_b1-GCM_b2-PROSP_b3-PROSP_m-AZGCMP1O_s-160x600|22457189,Desktop,Blocking,146523,136149,10374,3535,128,0,0,0,145938,6786,82545,44977,136149,0.0,136154,82545,44977,NULL,NULL,0.0,0,0.0,136154,0.0,0
6631,Lavidge_McDonalds,HCM ROD Spanish - 2017,Whirlygig - PROSP,a-MCDN_v-PROG_c-dCPM_b1-HCM_b2-RODSPA_b3-DIS_b4-NA_m-MP2F50828_s-728x90,Desktop,Blocking,146412,139248,7164,3023,25,0,0,0,146270,4169,99584,34689,139248,0.0,139248,99584,34689,NULL,NULL,0.0,0,0.0,139248,0.0,0
7414,Lavidge_AAA,AAA NCNU,Whirlygig - PROSP,a-NCNU_v-PROG_c-dCPM_b1-NCNU_b2-PROSP_b3-ROE_m-NCNUGP1C_s-300x250|22393367,Desktop,Blocking,146051,118171,27880,7947,3414,0,0,0,145085,17297,57707,52751,118171,0.0,118171,57707,52751,NULL,NULL,0.0,0,0.0,118171,0.0,0
8218,Lavidge_ASU,ASU SoCal_FY17-18,Whirlygig - MOB,a-ASUSC_v-PROG_c-dCPM_b1-SC_b2-GF_b3-NA_m-NA_s-300x250|22319493,Mobile,Blocking,145950,145733,217,1,19,0,0,0,111780,211,18162,34363,145733,0.0,145733,18162,34363,NULL,NULL,0.0,0,0.0,145733,0.0,0
6643,Lavidge_Cable ONE,2017 Interactive Media - Acquisition,Whirlygig - MOB,20949-229177-60900-27 | a-CONE_v-PROG_c-dCPM_b1-PROSP_b2-MCDP_b3-CL_b4-HM_b5-NA_b6-MXP_m-NA_s-320x50|20949-229177-60900-27,Mobile,Blocking,143894,135968,7926,7193,17,0,0,0,100529,784,81763,43673,135968,0.0,135968,81763,43673,NULL,NULL,0.0,0,0.0,135968,0.0,0
6631,Lavidge_McDonalds,GCM ROD - 2017,Whirlygig - PROSP,a-MCDN_v-PROG_c-dCPM_b1-GCM_b2-RODENG_b3-DIS_b4-NA_m-MP2F50828_s-300x600,Desktop,Blocking,143358,139639,3719,768,33,0,0,0,142615,2980,106213,21178,139639,0.0,139639,106213,21178,NULL,NULL,0.0,0,0.0,139639,0.0,0
9263,Lavidge_APS,APS - Corporate,Whirlygig - PROSP,a-APS_b6-CORP_v-PROG_m-DAM_c-dCPM_b1-STPROSP_b2-PROG_b3-NL_b4-NE_b5-CE_s-160x600|22127018,Desktop,Blocking,139783,129253,10530,4393,22,0,0,0,139371,6187,75094,43724,129253,0.0,129301,75094,43724,NULL,NULL,0.0,0,0.0,129301,0.0,0
8218,Lavidge_ASU,ASU WP MBA_FY16-17,Poets and Quants,a-ASUWPC_v-PQ_c-dCPM_b1-MBA_b2-SD_b3-NAT_m-NA_s-728x90|22338977,Desktop,Monitoring,139428,103837,35591,0,33756,0,0,0,134777,2080,45267,73403,137321,0.0,138750,45267,73403,NULL,NULL,0.0,0,0.0,138750,0.0,0
7414,Lavidge_AAA,AAA of Arizona - 2017 - GCM,Whirlygig - PROSP,a-AAA_v-PROG_c-dCPM_b1-GCM_b2-PROSP_b3-PROSP_m-AZGCMP1F_s-300x250|22457185,Desktop,Blocking,139355,129895,9460,3246,239,0,0,0,138759,6061,72463,50332,129895,0.0,129901,72463,50332,NULL,NULL,0.0,0,0.0,129901,0.0,0
7414,Lavidge_AAA,AAA NCNU,Whirlygig - PROSP,a-NCNU_v-PROG_c-dCPM_b1-NCNU_b2-PROSP_b3-ROE_m-NCNUGP2B_s-300x250|22393398,Desktop,Blocking,137898,112367,25531,7221,3068,0,0,0,136859,15938,55976,49109,112367,0.0,112367,55976,49109,NULL,NULL,0.0,0,0.0,112367,0.0,0
6631,Lavidge_McDonalds,GCM ROD - 2017,Whirlygig - PROSP,a-MCDN_v-PROG_c-dCPM_b1-GCM_b2-RODENG_b3-DIS_b4-NA_m-MP2F50828_s-728x90,Desktop,Blocking,135851,126576,9275,2158,32,0,0,0,135428,7147,97918,21075,126576,0.0,126576,97918,21075,NULL,NULL,0.0,0,0.0,126576,0.0,0
7414,Lavidge_AAA,AAA of Arizona - 2017 - GCM,Whirlygig - PROSP,a-AAA_v-PROG_c-dCPM_b1-GCM_b2-PROSP_b3-PROSP_m-GCMW_s-728x90|20823213,Desktop,Blocking,135623,125409,10214,6260,74,0,0,0,135359,4084,75208,37131,125409,0.0,125421,75208,37131,NULL,NULL,0.0,0,0.0,125421,0.0,0
8218,Lavidge_ASU,ASU_TBird_FY16-17,Whirlygig - RET,WGIG_RET-TBird-300x600|19005010,Desktop,Blocking,134873,127504,7369,4480,51,0,1812,0,134729,1054,73369,51523,127504,0.0,127504,73369,51523,NULL,NULL,0.0,0,0.0,127504,0.0,0
6631,Lavidge_McDonalds,HCM GMA - 2017,Whirlygig - MOB,a-MCDN_v-PROG_c-dCPM_b1-HCM_b2-GMA_b3-MOB_b4-AND_m-GMA0904_s-300x250|22430264,Tablet,Blocking,134789,130493,4296,2427,64,0,0,0,118978,1869,40927,62086,130493,0.0,130493,40927,62086,NULL,NULL,0.0,0,0.0,130493,0.0,0
7414,Lavidge_AAA,AAA NCNU,Whirlygig - PROSP,a-NCNU_v-PROG_c-dCPM_b1-NCNU_b2-PROSP_b3-ROE_m-NCNUGP1F_s-320x50|22393375,Mobile,Blocking,134457,120007,14450,2699,7841,0,0,0,134255,4111,76377,36298,120007,0.0,120007,76377,36298,NULL,NULL,0.0,0,0.0,120007,0.0,0
9263,Lavidge_APS,APS - Corporate,Whirlygig - PROSP,a-APS_b6-CORP_v-PROG_m-DAM_c-dCPM_b1-STPROSP_b2-PROG_b3-NL_b4-NE_b5-REL_s-160x600|21810781,Desktop,Blocking,134382,124573,9809,4081,24,0,0,0,133948,5803,72656,41850,124573,0.0,124573,72656,41850,NULL,NULL,0.0,0,0.0,124573,0.0,0
7414,Lavidge_AAA,AAA of Arizona - 2017 - HCM,Whirlygig - PROSP,a-AAA_v-PROG_c-dCPM_b1-HCM_b2-PROSP_b3-PROSP_m-AZHCMPLF_s-728x90|22429955,Desktop,Blocking,134030,127527,6503,4632,23,0,0,0,133857,1889,65050,53956,127527,0.0,127533,65050,53956,NULL,NULL,0.0,0,0.0,127533,0.0,0
7414,Lavidge_AAA,AAA NCNU,Whirlygig - PROSP,a-NCNU_v-PROG_c-dCPM_b1-NCNU_b2-PROSP_b3-ROE_m-NCNUGP2P_s-320x50|22393409,Mobile,Blocking,133381,119048,14333,2556,7852,0,0,0,133163,4123,75513,36396,119048,0.0,119048,75513,36396,NULL,NULL,0.0,0,0.0,119048,0.0,0
7414,Lavidge_AAA,AAA of Arizona - 2017 - GCM,Whirlygig - PROSP,a-AAA_v-PROG_c-dCPM_b1-GCM_b2-PROSP_b3-PROSP_m-AZGCMP2P_s-160x600|22457204,Desktop,Blocking,132893,123167,9726,3153,140,0,0,0,132389,6527,74802,40434,123167,0.0,123168,74802,40434,NULL,NULL,0.0,0,0.0,123168,0.0,0
8218,Lavidge_ASU,ASU CareerServices_FY17-18,Whirlygig - PROSP,a-ASUCS_v-PROG_c-dCPM_b1-CS_b2-PROSP_b3-NA_m-NA_s-300x250|22305759,Desktop,Blocking,132850,126905,5945,3810,6,0,0,0,132755,2193,70303,48505,126905,0.0,126906,70303,48505,NULL,NULL,0.0,0,0.0,126906,0.0,0
7414,Lavidge_AAA,AAA of Arizona - 2017 - GCM,Whirlygig - PROSP,a-AAA_v-PROG_c-dCPM_b1-GCM_b2-PROSP_b3-PROSP_m-GCMS_s-728x90|20823209,Desktop,Blocking,132716,122655,10061,6089,55,0,0,0,132440,4099,73851,36200,122655,0.0,122666,73851,36200,NULL,NULL,0.0,0,0.0,122666,0.0,0
7414,Lavidge_AAA,AAA of Arizona - 2017 - HCM,Whirlygig - PROSP,a-AAA_v-PROG_c-dCPM_b1-HCM_b2-PROSP_b3-PROSP_m-AZHCMPCA_s-728x90|22429950,Desktop,Blocking,131865,125503,6362,4579,33,0,0,0,131662,1803,62892,53681,125503,0.0,125504,62892,53681,NULL,NULL,0.0,0,0.0,125504,0.0,0
6643,Lavidge_Cable ONE,2017 Interactive Media - Acquisition,Whirlygig - MOB,20949-229177-60900-25 | a-CONE_v-PROG_c-dCPM_b1-PROSP_b2-MCDP_b3-ATT_b4-HM_b5-NA_b6-MXP_m-NA_s-320x50|20949-229177-60900-25,Mobile,Blocking,131393,126053,5340,4687,19,0,0,0,80630,675,65300,48011,126053,0.0,126053,65300,48011,NULL,NULL,0.0,0,0.0,126053,0.0,0
7414,Lavidge_AAA,AAA of Arizona - 2017 - GCM,Whirlygig - PROSP,a-AAA_v-PROG_c-dCPM_b1-GCM_b2-PROSP_b3-PROSP_m-GCMP_s-728x90|20667998,Desktop,Blocking,130448,120813,9635,5920,71,0,0,0,130159,3801,72667,35973,120813,0.0,120823,72667,35973,NULL,NULL,0.0,0,0.0,120823,0.0,0
6631,Lavidge_McDonalds,GCM GMA - 2017,Whirlygig - MOB,a-MCDN_v-PROG_c-dCPM_b1-GCM_b2-GMA_b3-MOB_b4-AND_m-GMA0904_s-320x50|22430284,Tablet,Blocking,129625,125680,3945,400,116,0,0,0,66081,3518,29995,12685,125680,0.0,125680,29995,12685,NULL,NULL,0.0,0,0.0,125680,0.0,0
7414,Lavidge_AAA,AAA of Arizona - 2017 - GCM,Whirlygig - PROSP,a-AAA_v-PROG_c-dCPM_b1-GCM_b2-PROSP_b3-PROSP_m-AZGCMP2B_s-160x600|22457199,Desktop,Blocking,129497,120127,9370,3177,113,0,0,0,128971,6153,72432,39854,120127,0.0,120130,72432,39854,NULL,NULL,0.0,0,0.0,120130,0.0,0
7414,Lavidge_AAA,AAA of Arizona - 2017 - GCM,Whirlygig - PROSP,a-AAA_v-PROG_c-dCPM_b1-GCM_b2-PROSP_b3-PROSP_m-GCMMB_s-728x90|20823201,Desktop,Blocking,127983,118583,9400,5715,62,0,0,0,127708,3804,71330,35106,118583,0.0,118603,71330,35106,NULL,NULL,0.0,0,0.0,118603,0.0,0
7414,Lavidge_AAA,AAA of Arizona - 2017 - GCM,Whirlygig - PROSP,a-AAA_v-PROG_c-dCPM_b1-GCM_b2-PROSP_b3-PROSP_m-AZGCMP1F_s-160x600|22457184,Desktop,Blocking,127740,118762,8978,3171,108,0,0,0,127262,5783,72260,38850,118762,0.0,118768,72260,38850,NULL,NULL,0.0,0,0.0,118768,0.0,0
8218,Lavidge_ASU,ASU SoCal_FY17-18,Whirlygig - MOB RET,a-ASUSC_v-PROG_c-dCPM_b1-SC_b2-MOBRET_b3-NA_m-NA_s-320x50|22319492,Mobile,Blocking,127294,121546,5748,5037,244,0,0,0,127037,521,63272,52247,121546,0.0,121546,63272,52247,NULL,NULL,0.0,0,0.0,121546,0.0,0
8218,Lavidge_ASU,ASU BHC_FY16-17,Whirlygig - PROSP,WGIG_PROSP-BHC-300x250|18889872,Desktop,Blocking,125633,123297,2336,1006,5,0,108,0,125607,1224,51697,54068,123297,0.0,123297,51697,54068,NULL,NULL,0.0,0,0.0,123297,0.0,0
6643,Lavidge_Cable ONE,2017 Interactive Media - Acquisition,Whirlygig - PROSP,20949-229177-60896-1 | a-CONE_v-PROG_c-dCPM_b1-PROSP_b2-PROSP_b3-ATT_b4-HM_b5-NA_m-NA_s-300x250|20949-229177-60896-1,Desktop,Blocking,124936,119185,5751,3062,5,0,0,0,120837,2762,64878,51506,119185,0.0,119201,64878,51506,NULL,NULL,0.0,0,0.0,119201,0.0,0
8218,Lavidge_ASU,ASU SoCal_FY17-18,Whirlygig - MOB RET,a-ASUSC_v-PROG_c-dCPM_b1-SC_b2-MOBRET_b3-NA_m-NA_s-300x250|22319491,Mobile,Blocking,123934,116035,7899,7263,155,0,0,0,123496,540,40401,69574,116035,0.0,116035,40401,69574,NULL,NULL,0.0,0,0.0,116035,0.0,0
9263,Lavidge_APS,APS - Corporate,Whirlygig - PROSP,a-APS_b6-CORP_v-PROG_m-DAM_c-dCPM_b1-STPROSP_b2-PROG_b3-NL_b4-NE_b5-MGS_s-160x600|21883462,Desktop,Blocking,123782,114507,9275,3991,19,0,0,0,123414,5342,66838,38213,114507,0.0,114566,66838,38213,NULL,NULL,0.0,0,0.0,114566,0.0,0
7414,Lavidge_AAA,AAA NCNU,Whirlygig - PROSP,a-NCNU_v-PROG_c-dCPM_b1-NCNU_b2-PROSP_b3-ROE_m-NCNUGP2P_s-300x600|22393408,Desktop,Blocking,122811,96764,26047,3247,3146,0,0,0,121019,20374,46008,42703,96764,0.0,96764,46008,42703,NULL,NULL,0.0,0,0.0,96764,0.0,0
8218,Lavidge_ASU,ASU CareerServices_FY17-18,Whirlygig - PROSP,a-ASUCS_v-PROG_c-dCPM_b1-CS_b2-PROSP_b3-NA_m-NA_s-728x90|22305761,Desktop,Blocking,121943,116159,5784,3601,9,0,0,0,121917,2239,59516,49371,116159,0.0,116160,59516,49371,NULL,NULL,0.0,0,0.0,116160,0.0,0
8218,Lavidge_ASU,ASU MLFTC_FY16-17,Whirlygig - PROSP,WGIG_PROSP-MLFTC-Masters-300x600|20623434,Desktop,Blocking,121880,117709,4171,1411,21,0,631,0,121769,2154,67627,44251,117709,0.0,117761,67627,44251,NULL,NULL,0.0,0,0.0,117761,0.0,0
7414,Lavidge_AAA,AAA of Arizona - 2017 - GCM,Whirlygig - PROSP,a-AAA_v-PROG_c-dCPM_b1-GCM_b2-PROSP_b3-PROSP_m-GCMCR_s-728x90|20823205,Desktop,Blocking,121667,112520,9147,5584,53,0,0,0,121443,3681,66736,34158,112520,0.0,112533,66736,34158,NULL,NULL,0.0,0,0.0,112533,0.0,0
8218,Lavidge_ASU,ASU WP SM_FY16-17,Whirlygig - RET,a-ASUWPC_v-PROG_c-dCPM_b1-SM_b2-RET_b3-NAT_m-NA_s-300x250|22174256,Desktop,Blocking,120606,116832,3774,2213,18,0,429,0,120539,1126,57346,54318,116832,0.0,116870,57346,54318,NULL,NULL,0.0,0,0.0,116870,0.0,0
6643,Lavidge_Cable ONE,2017 Interactive Media - Acquisition,Whirlygig - PROSP,20949-229177-60896-4 | a-CONE_v-PROG_c-dCPM_b1-PROSP_b2-PROSP_b3-CL_b4-HM_b5-NA_m-NA_s-160x600|20949-229177-60896-4,Desktop,Blocking,120004,115604,4400,2021,8,0,0,0,115459,2419,70779,41977,115604,0.0,115627,70779,41977,NULL,NULL,0.0,0,0.0,115627,0.0,0
7414,Lavidge_AAA,AAA of Arizona - 2017 - HCM,Whirlygig - PROSP,a-AAA_v-PROG_c-dCPM_b1-HCM_b2-PROSP_b3-PROSP_m-AZHCMPAT_s-160x600|22429941,Desktop,Blocking,117494,113039,4455,2923,16,0,0,0,117358,1534,61113,40708,113039,0.0,113040,61113,40708,NULL,NULL,0.0,0,0.0,113040,0.0,0
7414,Lavidge_AAA,AAA of Arizona - 2017 - HCM,Whirlygig - PROSP,a-AAA_v-PROG_c-dCPM_b1-HCM_b2-PROSP_b3-PROSP_m-AZHCMPLF_s-160x600|22429951,Desktop,Blocking,115451,110985,4466,2939,20,0,0,0,115314,1531,60536,39734,110985,0.0,110991,60536,39734,NULL,NULL,0.0,0,0.0,110991,0.0,0
6643,Lavidge_Cable ONE,2017 Interactive Media - Acquisition,Whirlygig - RET,20949-229177-60897-3 | a-CONE_v-PROG_c-dCPM_b1-RET_b2-RET_b3-ATT_b4-HM_b5-NA_m-NA_s-728x90|20949-229177-60897-3,Desktop,Blocking,114553,110243,4310,2709,8,0,0,0,112391,1618,45903,61589,110243,0.0,110279,45903,61589,NULL,NULL,0.0,0,0.0,110279,0.0,0
7414,Lavidge_AAA,AAA NCNU,Whirlygig - PROSP,a-NCNU_v-PROG_c-dCPM_b1-NCNU_b2-PROSP_b3-LAL_m-NCNUGP1C_s-320x50|22393429,Mobile,Blocking,112919,107364,5555,3543,1512,0,0,0,112620,596,54512,47627,107364,0.0,107364,54512,47627,NULL,NULL,0.0,0,0.0,107364,0.0,0
7414,Lavidge_AAA,AAA of Arizona - 2017 - HCM,Whirlygig - PROSP,a-AAA_v-PROG_c-dCPM_b1-HCM_b2-PROSP_b3-PROSP_m-AZHCMPAT_s-320x50|22429944,Mobile,Blocking,112505,106988,5517,5077,0,0,0,0,111782,461,49810,49549,106988,0.0,106989,49810,49549,NULL,NULL,0.0,0,0.0,106989,0.0,0
8218,Lavidge_ASU,ASU SoCal_FY17-18,Whirlygig - RET,a-ASUSC_v-PROG_c-dCPM_b1-SC_b2-RET_b3-NA_m-NA_s-728x90|22319490,Desktop,Blocking,112426,106711,5715,4165,97,0,0,0,112389,1509,58285,41328,106711,0.0,106711,58285,41328,NULL,NULL,0.0,0,0.0,106711,0.0,0
6643,Lavidge_Cable ONE,2017 Interactive Media - Acquisition,Whirlygig - RET,20949-229177-60897-4 | a-CONE_v-PROG_c-dCPM_b1-RET_b2-RET_b3-CL_b4-HM_b5-NA_m-NA_s-160x600|20949-229177-60897-4,Desktop,Blocking,112106,109625,2481,1351,10,0,0,0,107481,1137,64460,41425,109625,0.0,109657,64460,41425,NULL,NULL,0.0,0,0.0,109657,0.0,0
7414,Lavidge_AAA,AAA of Arizona - 2017 - HCM,Whirlygig - PROSP,a-AAA_v-PROG_c-dCPM_b1-HCM_b2-PROSP_b3-PROSP_m-AZHCMPCA_s-160x600|22429946,Desktop,Blocking,111507,107216,4291,2844,20,0,0,0,111357,1450,57708,38732,107216,0.0,107217,57708,38732,NULL,NULL,0.0,0,0.0,107217,0.0,0
8218,Lavidge_ASU,ASU WP UG_FY16-17,Whirlygig - PROSP,a-ASUWPC_v-PROG_c-dCPM_b1-UG_b2-PROSP_b3-AZ_m-NA_s-728x90|22173805,Desktop,Blocking,110060,103401,6659,3586,35,0,478,0,109972,2607,50743,48707,103401,0.0,103447,50743,48707,NULL,NULL,0.0,0,0.0,103447,0.0,0
8218,Lavidge_ASU,ASU SoCal_FY17-18,Whirlygig - MOB,a-ASUSC_v-PROG_c-dCPM_b1-SC_b2-MOB_b3-NA_m-NA_s-300x250|22319485,Tablet,Blocking,110033,96867,13166,12104,74,0,0,0,109314,1088,40507,49325,96867,0.0,96867,40507,49325,NULL,NULL,0.0,0,0.0,96867,0.0,0
8218,Lavidge_ASU,ASU OOP_Amazon_FY17-18,Whirlygig - MOB,a-OOPAMC_v-PROG_c-dCPM_b1-OOP_b2-GF_b3-NA_m-NA_s-300x250|22555942,Mobile,Blocking,109712,109630,82,3,8,0,0,0,89358,77,33261,34215,109630,0.0,109630,33261,34215,NULL,NULL,0.0,0,0.0,109630,0.0,0
7414,Lavidge_AAA,AAA NCNU,Whirlygig - PROSP,a-NCNU_v-PROG_c-dCPM_b1-NCNU_b2-PROSP_b3-ROE_m-NCNUGP1F_s-300x600|22393373,Desktop,Blocking,109227,86404,22823,2863,2648,0,0,0,107674,17920,41101,38133,86404,0.0,86404,41101,38133,NULL,NULL,0.0,0,0.0,86404,0.0,0
6643,Lavidge_Cable ONE,2017 Interactive Media - Acquisition,Whirlygig - RET,20949-229177-60897-6 | a-CONE_v-PROG_c-dCPM_b1-RET_b2-RET_b3-CL_b4-HM_b5-NA_m-NA_s-300x600|20949-229177-60897-6,Desktop,Blocking,108497,104415,4082,2917,4,0,0,0,104135,1196,56865,44969,104415,0.0,104457,56865,44969,NULL,NULL,0.0,0,0.0,104457,0.0,0
8218,Lavidge_ASU,ASU MLFTC_FY16-17,Whirlygig - RET,WGIG_RET-MLFTC-300x250,Desktop,Blocking,107367,105053,2314,1050,42,0,200,0,107293,1025,66633,32137,105053,0.0,105053,66633,32137,NULL,NULL,0.0,0,0.0,105053,0.0,0
9263,Lavidge_APS,APS - Corporate,Whirlygig - PROSP,a-APS_b6-CORP_v-PROG_m-DAM_c-dCPM_b1-STPROSP_b2-PROG_b3-NL_b4-NE_b5-SHMWK_s-160x600|22127024,Desktop,Blocking,105320,97397,7923,3255,12,0,0,0,104983,4721,56847,32556,97397,0.0,97439,56847,32556,NULL,NULL,0.0,0,0.0,97439,0.0,0
6643,Lavidge_Cable ONE,2017 Interactive Media - Acquisition,Whirlygig - MOB,20949-229177-60900-20 | a-CONE_v-PROG_c-dCPM_b1-PROSP_b2-MCDP_b3-ATT_b4-HM_b5-NA_m-NA_s-300x250|20949-229177-60900-20,Mobile,Blocking,104722,98945,5777,5190,25,0,0,0,100561,609,24801,64571,98945,0.0,98945,24801,64571,NULL,NULL,0.0,0,0.0,98945,0.0,0
8771,Lavidge_Phoenix International Raceway,PIR_Fall2017_Can-Am500,Whirlygig - PROSP,a-PIR_v-PROG_c-dCPM_b1-FR2017_b2-PROSP_b3-PROSP_b4-AZ_m-NA_s-728x90|22529871,Desktop,Blocking,104553,96006,8547,6563,30,0,0,0,104485,2053,58820,33526,96006,0.0,96006,58820,33526,NULL,NULL,0.0,0,0.0,96006,0.0,0
8218,Lavidge_ASU,ASU CareerServices_FY17-18,Whirlygig - MOB,a-ASUCS_v-PROG_c-dCPM_b1-CS_b2-MOB_b3-NA_m-NA_s-320x50|22305763,Mobile,Blocking,103744,97935,5809,5298,11,0,0,0,103570,559,53659,40666,97935,0.0,97935,53659,40666,NULL,NULL,0.0,0,0.0,97935,0.0,0
7414,Lavidge_AAA,AAA NCNU,Whirlygig - RET,a-NCNU_v-PROG_c-dCPM_b1-NCNU_b2-RET_b3-RET_m-NCNUGRB_s-300x250|22393485,Desktop,Blocking,103264,99945,3319,2113,45,0,0,0,103211,1216,48395,46053,99945,0.0,99945,48395,46053,NULL,NULL,0.0,0,0.0,99945,0.0,0
8218,Lavidge_ASU,ASU_SFIS_FY16-17,Whirlygig - PROSP,WGIG_PROSP-SFIS-300x250|21165495,Desktop,Blocking,102465,97451,5014,3948,16,0,0,0,102427,1070,51168,40002,97451,0.0,97482,51168,40002,NULL,NULL,0.0,0,0.0,97482,0.0,0
8218,Lavidge_ASU,ASU CareerServices_FY17-18,Whirlygig - MOB,a-ASUCS_v-PROG_c-dCPM_b1-CS_b2-MOB_b3-NA_m-NA_s-300x250|22305762,Mobile,Blocking,102070,90260,11810,11348,11,0,0,0,101826,547,30509,54986,90260,0.0,90260,30509,54986,NULL,NULL,0.0,0,0.0,90260,0.0,0
8523,Lavidge_GOYFF,GOYFF-Parents,Whirlygig - PROSP,WGIG_PROSP-GOYFF_Parents-Prescription-160x600|21166571,Desktop,Blocking,102013,94861,7152,2574,1282,0,0,0,101991,3387,64870,25883,94861,0.0,94893,64870,25883,NULL,NULL,0.0,0,0.0,94893,0.0,0
7414,Lavidge_AAA,AAA NCNU,Whirlygig - RET,a-NCNU_v-PROG_c-dCPM_b1-NCNU_b2-RET_b3-RET_m-NCNUGRH_s-300x250|22393490,Desktop,Blocking,101576,98253,3323,2061,38,0,0,0,101520,1271,48025,44937,98253,0.0,98253,48025,44937,NULL,NULL,0.0,0,0.0,98253,0.0,0
6631,Lavidge_McDonalds,HCM GMA - 2017,Whirlygig - MOB,a-MCDN_v-PROG_c-dCPM_b1-HCM_b2-GMA_b3-MOB_b4-AND_m-GMA0904_s-320x50|22430265,Tablet,Blocking,99101,97041,2060,376,75,0,0,0,63411,1663,29320,16518,97041,0.0,97041,29320,16518,NULL,NULL,0.0,0,0.0,97041,0.0,0
6631,Lavidge_McDonalds,GCM BFAST - 2017,Whirlygig - PROSP,a-MCDN_v-PROG_c-dCPM_b1-GCM_b2-BFAST_b3-DIS_b4-NA_m-1SBASC0828_s-300x600,Desktop,Blocking,98591,95684,2907,686,40,0,0,0,98380,2221,72340,18715,95684,0.0,95684,72340,18715,NULL,NULL,0.0,0,0.0,95684,0.0,0
7414,Lavidge_AAA,AAA of Arizona - 2017 - HCM,Whirlygig - PROSP,a-AAA_v-PROG_c-dCPM_b1-HCM_b2-PROSP_b3-PROSP_m-AZHCMPCA_s-320x50|22429949,Mobile,Blocking,96736,92063,4673,4303,2,0,0,0,96079,397,42423,43209,92063,0.0,92063,42423,43209,NULL,NULL,0.0,0,0.0,92063,0.0,0
8771,Lavidge_Phoenix International Raceway,PIR_Fall2017_Can-Am500,Whirlygig - PROSP,a-PIR_v-PROG_c-dCPM_b1-FR2017_b2-PROSP_b3-PROSP_b4-AZ_m-NA_s-300x250|22529869,Mobile,Blocking,96491,80117,16374,15884,4,0,0,0,96327,535,41303,35926,80117,0.0,80117,41303,35926,NULL,NULL,0.0,0,0.0,80117,0.0,0
7414,Lavidge_AAA,AAA NCNU,Whirlygig - PROSP,a-NCNU_v-PROG_c-dCPM_b1-NCNU_b2-PROSP_b3-ROE_m-NCNUGP2B_s-300x600|22393400,Desktop,Blocking,96191,75744,20447,2705,2285,0,0,0,94793,16042,35909,33245,75744,0.0,75744,35909,33245,NULL,NULL,0.0,0,0.0,75744,0.0,0
7414,Lavidge_AAA,AAA NCNU,Whirlygig - PROSP,a-NCNU_v-PROG_c-dCPM_b1-NCNU_b2-PROSP_b3-ROE_m-NCNUGP1F_s-300x250|22393372,Mobile,Blocking,95009,58573,36436,6492,7473,0,0,0,94686,22910,20034,33203,58573,0.0,58573,20034,33203,NULL,NULL,0.0,0,0.0,58573,0.0,0
6631,Lavidge_McDonalds,HCM GMA - 2017,Whirlygig - MOB,a-MCDN_v-PROG_c-dCPM_b1-HCM_b2-GMA_b3-MOB_b4-APL_m-GMA0904_s-320x50|22430263,Tablet,Blocking,94048,91896,2152,444,62,0,0,0,70482,1698,29841,17131,91896,0.0,91896,29841,17131,NULL,NULL,0.0,0,0.0,91896,0.0,0
7414,Lavidge_AAA,AAA of Arizona - 2017 - GCM,Whirlygig - PROSP,a-AAA_v-PROG_c-dCPM_b1-GCM_b2-PROSP_b3-PROSP_m-AZGCMP2B_s-300x600|22457201,Desktop,Blocking,94010,88684,5326,2635,72,0,0,0,93666,2728,48695,34403,88684,0.0,88687,48695,34403,NULL,NULL,0.0,0,0.0,88687,0.0,0
7414,Lavidge_AAA,AAA of Arizona - 2017 - HCM,Whirlygig - PROSP,a-AAA_v-PROG_c-dCPM_b1-HCM_b2-PROSP_b3-PROSP_m-AZHCMPLF_s-320x50|22429954,Mobile,Blocking,93307,88735,4572,4210,3,0,0,0,92699,385,41023,41541,88735,0.0,88735,41023,41541,NULL,NULL,0.0,0,0.0,88735,0.0,0
7414,Lavidge_AAA,AAA of Arizona - 2017 - GCM,Whirlygig - PROSP,a-AAA_v-PROG_c-dCPM_b1-GCM_b2-PROSP_b3-PROSP_m-NA_s-728x90|20015519,Desktop,Blocking,92633,85826,6807,4091,39,0,0,0,92454,2797,51899,25125,85826,0.0,85826,51899,25125,NULL,NULL,0.0,0,0.0,85826,0.0,0
7414,Lavidge_AAA,AAA NCNU,Whirlygig - PROSP,a-NCNU_v-PROG_c-dCPM_b1-NCNU_b2-PROSP_b3-LAL_m-NCNUGP1O_s-320x50|22393446,Mobile,Blocking,92171,87528,4643,2909,1330,0,0,0,91909,476,44118,39129,87528,0.0,87528,44118,39129,NULL,NULL,0.0,0,0.0,87528,0.0,0
8218,Lavidge_ASU,ASU WP MBA_FY16-17,Poets and Quants,a-ASUWPC_v-PQ_c-dCPM_b1-MBA_b2-SD_b3-NAT_m-NA_s-728x90|22338977,Mobile,Monitoring,91859,64878,26981,24,26638,0,0,0,91687,401,63,88761,91458,0.0,91844,63,88761,NULL,NULL,0.0,0,0.0,91844,0.0,0
7414,Lavidge_AAA,AAA NCNU,Whirlygig - PROSP,a-NCNU_v-PROG_c-dCPM_b1-NCNU_b2-PROSP_b3-LAL_m-NCNUGP1F_s-300x250|22393436,Desktop,Blocking,91650,86677,4973,3220,274,0,0,0,91600,1520,40032,40612,86677,0.0,86677,40032,40612,NULL,NULL,0.0,0,0.0,86677,0.0,0
8218,Lavidge_ASU,ASU_TBird_FY16-17,Whirlygig - PROSP,WGIG_PROSP-TBird-Oil&Gas-160x600|22597026,Desktop,Blocking,91040,82484,8556,4541,2131,0,454,0,90986,1495,41885,35501,82484,0.0,82484,41885,35501,NULL,NULL,0.0,0,0.0,82484,0.0,0
7414,Lavidge_AAA,AAA NCNU,Whirlygig - PROSP,a-NCNU_v-PROG_c-dCPM_b1-NCNU_b2-PROSP_b3-ROE_m-NCNUGP2P_s-300x250|22393406,Mobile,Blocking,91031,57452,33579,6200,7666,0,0,0,90721,20154,19734,32542,57452,0.0,57452,19734,32542,NULL,NULL,0.0,0,0.0,57452,0.0,0
7414,Lavidge_AAA,AAA of Arizona - 2017 - GCM,Whirlygig - PROSP,a-AAA_v-PROG_c-dCPM_b1-GCM_b2-PROSP_b3-PROSP_m-GCMW_s-300x250|20823211,Desktop,Blocking,90509,84557,5952,2556,37,0,0,0,90147,3426,44260,30840,84557,0.0,84567,44260,30840,NULL,NULL,0.0,0,0.0,84567,0.0,0
7414,Lavidge_AAA,AAA NCNU,Whirlygig - PROSP,a-NCNU_v-PROG_c-dCPM_b1-NCNU_b2-PROSP_b3-LAL_m-NCNUGP2B_s-320x50|22393461,Mobile,Blocking,89993,85587,4406,2808,1227,0,0,0,89750,443,43235,38177,85587,0.0,85587,43235,38177,NULL,NULL,0.0,0,0.0,85587,0.0,0
7414,Lavidge_AAA,AAA NCNU,Whirlygig - PROSP,a-NCNU_v-PROG_c-dCPM_b1-NCNU_b2-PROSP_b3-ROE_m-NCNUGP2A_s-300x250|22393389,Mobile,Blocking,89637,55916,33721,6216,7264,0,0,0,89351,20682,19107,31936,55916,0.0,55916,19107,31936,NULL,NULL,0.0,0,0.0,55916,0.0,0
6631,Lavidge_McDonalds,HCM ROD English - 2017,Whirlygig - PROSP,a-MCDN_v-PROG_c-dCPM_b1-HCM_b2-RODENG_b3-DIS_b4-NA_m-MP2F50828_s-300x600,Desktop,Blocking,89518,85438,4080,1513,35,0,0,0,89225,2596,51843,27171,85438,0.0,85438,51843,27171,NULL,NULL,0.0,0,0.0,85438,0.0,0
7414,Lavidge_AAA,AAA of Arizona - 2017 - GCM,Whirlygig - PROSP,a-AAA_v-PROG_c-dCPM_b1-GCM_b2-PROSP_b3-PROSP_m-GCMMB_s-300x250|20823199,Desktop,Blocking,89343,83411,5932,2572,48,0,0,0,88991,3362,43595,30464,83411,0.0,83421,43595,30464,NULL,NULL,0.0,0,0.0,83421,0.0,0
7414,Lavidge_AAA,AAA NCNU,Whirlygig - PROSP,a-NCNU_v-PROG_c-dCPM_b1-NCNU_b2-PROSP_b3-LAL_m-NCNUGP1C_s-300x250|22393425,Desktop,Blocking,89009,84186,4823,3132,294,0,0,0,88930,1440,38169,40273,84186,0.0,84186,38169,40273,NULL,NULL,0.0,0,0.0,84186,0.0,0
7414,Lavidge_AAA,AAA of Arizona - 2017 - HCM,Whirlygig - PROSP,a-AAA_v-PROG_c-dCPM_b1-HCM_b2-PROSP_b3-PROSP_m-AZHCMPAT_s-300x250|22429942,Mobile,Blocking,88775,82584,6191,5603,2,0,0,0,87712,598,28881,48497,82584,0.0,82584,28881,48497,NULL,NULL,0.0,0,0.0,82584,0.0,0
8218,Lavidge_ASU,ASU BHC_FY16-17,Whirlygig - PROSP,WGIG_PROSP-BHC-728x90|18889873,Desktop,Blocking,87980,86432,1548,760,4,0,106,0,87928,687,42957,35416,86432,0.0,86432,42957,35416,NULL,NULL,0.0,0,0.0,86432,0.0,0
7414,Lavidge_AAA,AAA NCNU,Whirlygig - RET,a-NCNU_v-PROG_c-dCPM_b1-NCNU_b2-RET_b3-RET_m-NCNUGRH_s-728x90|22393495,Desktop,Blocking,87667,84699,2968,1798,26,0,0,0,87633,1180,37763,43575,84699,0.0,84699,37763,43575,NULL,NULL,0.0,0,0.0,84699,0.0,0
6631,Lavidge_McDonalds,GCM GMA - 2017,Whirlygig - VID,a-MCDN_v-PROG_c-dCPM_b1-GCM_b2-GMA_b3-VID_b4-AND_m-GMA0904_s-15sVAST|22430286,Tablet,Monitoring,87407,85664,1743,472,15,0,0,0,18060,1263,109,439,86143,0.0,87407,109,439,NULL,NULL,0.0,0,0.0,87407,0.0,0
6631,Lavidge_McDonalds,HCM BFAST - 2017,Whirlygig - PROSP,a-MCDN_v-PROG_c-dCPM_b1-HCM_b2-BFAST_b3-DIS_b4-NA_m-1SBASC0828_s-300x600,Desktop,Blocking,86306,83631,2675,824,28,0,0,0,86095,1852,56806,20173,83631,0.0,83631,56806,20173,NULL,NULL,0.0,0,0.0,83631,0.0,0
7414,Lavidge_AAA,AAA NCNU,Whirlygig - RET,a-NCNU_v-PROG_c-dCPM_b1-NCNU_b2-RET_b3-RET_m-NCNUGRT_s-300x250|22393499,Desktop,Blocking,86117,83420,2697,1687,31,0,0,0,86071,1014,40920,37994,83420,0.0,83420,40920,37994,NULL,NULL,0.0,0,0.0,83420,0.0,0
7414,Lavidge_AAA,AAA NCNU,Whirlygig - PROSP,a-NCNU_v-PROG_c-dCPM_b1-NCNU_b2-PROSP_b3-ROE_m-NCNUGP1C_s-300x600|22393368,Desktop,Blocking,85510,67947,17563,2322,2013,0,0,0,84284,13740,32367,29686,67947,0.0,67947,32367,29686,NULL,NULL,0.0,0,0.0,67947,0.0,0
7414,Lavidge_AAA,AAA of Arizona - 2017 - GCM,Whirlygig - PROSP,a-AAA_v-PROG_c-dCPM_b1-GCM_b2-PROSP_b3-PROSP_m-AZGCMP1C_s-300x600|22457181,Desktop,Blocking,85323,80313,5010,2547,58,0,0,0,85003,2518,43923,31433,80313,0.0,80315,43923,31433,NULL,NULL,0.0,0,0.0,80315,0.0,0
6631,Lavidge_McDonalds,GCM GMA - 2017,Whirlygig - VID,a-MCDN_v-PROG_c-dCPM_b1-GCM_b2-GMA_b3-VID_b4-APL_m-GMA0904_s-15sVAST|22430285,Tablet,Monitoring,82970,81440,1530,448,6,0,0,0,7638,1089,53,30,81881,0.0,82970,53,30,NULL,NULL,0.0,0,0.0,82970,0.0,0
6643,Lavidge_Cable ONE,2017 Interactive Media - Acquisition,Whirlygig - MOB RET,20949-229177-60901-14 | a-CONE_v-PROG_c-dCPM_b1-RET_b2-MCDR_b3-CL_b4-HM_b5-NA_m-NA_s-300x250|20949-229177-60901-14,Tablet,Blocking,82591,79400,3191,2469,41,0,0,0,62353,723,20072,34571,79400,0.0,79401,20072,34571,NULL,NULL,0.0,0,0.0,79401,0.0,0
6631,Lavidge_McDonalds,HCM ROD English - 2017,Whirlygig - VID,a-MCDN_v-PROG_c-dCPM_b1-HCM_b2-RODENG_b3-VID_b4-NA_m-MP2F50828_s-15sVAST|22365741,Tablet,Monitoring,82288,80292,1996,1227,6,0,0,0,14335,766,63,113,81522,0.0,82288,63,113,NULL,NULL,0.0,0,0.0,82288,0.0,0
7414,Lavidge_AAA,AAA NCNU,Whirlygig - PROSP,a-NCNU_v-PROG_c-dCPM_b1-NCNU_b2-PROSP_b3-ROE_m-NCNUGP1C_s-300x250|22393367,Mobile,Blocking,81849,51950,29899,5665,6844,0,0,0,81609,17800,18115,29470,51950,0.0,51950,18115,29470,NULL,NULL,0.0,0,0.0,51950,0.0,0
9263,Lavidge_APS,APS - Corporate,Whirlygig - PROSP,a-APS_b6-CORP_v-PROG_m-DAM_c-dCPM_b1-STPROSP_b2-PROG_b3-NL_b4-NE_b5-SHMWK_s-300x600|22127026,Desktop,Blocking,81266,75728,5538,3757,9,0,0,0,81044,1873,42297,25226,75728,0.0,75763,42297,25226,NULL,NULL,0.0,0,0.0,75763,0.0,0
7414,Lavidge_AAA,AAA NCNU,Whirlygig - PROSP,a-NCNU_v-PROG_c-dCPM_b1-NCNU_b2-PROSP_b3-ROE_m-NCNUGP1O_s-300x250|22393381,Mobile,Blocking,81057,51235,29822,5934,6615,0,0,0,80795,17660,18197,28731,51235,0.0,51235,18197,28731,NULL,NULL,0.0,0,0.0,51235,0.0,0
8771,Lavidge_Phoenix International Raceway,PIR_Fall2017_Can-Am500,Whirlygig - PROSP,a-PIR_v-PROG_c-dCPM_b1-FR2017_b2-PROSP_b3-PROSP_b4-AZ_m-NA_s-160x600|22529872,Desktop,Blocking,80946,75799,5147,3386,26,0,0,0,80924,1799,44037,27324,75799,0.0,75800,44037,27324,NULL,NULL,0.0,0,0.0,75800,0.0,0
7414,Lavidge_AAA,AAA NCNU,Whirlygig - PROSP,a-NCNU_v-PROG_c-dCPM_b1-NCNU_b2-PROSP_b3-ROE_m-NCNUGP1O_s-300x600|22393382,Desktop,Blocking,80553,63724,16829,2168,1988,0,0,0,79403,13166,30407,27876,63724,0.0,63724,30407,27876,NULL,NULL,0.0,0,0.0,63724,0.0,0
7414,Lavidge_AAA,AAA NCNU,Whirlygig - PROSP,a-NCNU_v-PROG_c-dCPM_b1-NCNU_b2-PROSP_b3-LAL_m-NCNUGP2A_s-320x50|22393451,Mobile,Blocking,80156,76302,3854,2488,1046,0,0,0,79941,389,39159,33628,76302,0.0,76302,39159,33628,NULL,NULL,0.0,0,0.0,76302,0.0,0
9263,Lavidge_APS,APS - Corporate,Whirlygig - PROSP,a-APS_b6-CORP_v-PROG_m-DAM_c-dCPM_b1-STPROSP_b2-PROG_b3-NL_b4-NE_b5-CE_s-300x250|22127019,Tablet,Blocking,80091,73661,6430,5709,41,0,0,0,79612,762,34061,35566,73661,0.0,73662,34061,35566,NULL,NULL,0.0,0,0.0,73662,0.0,0
7414,Lavidge_AAA,AAA NCNU,Whirlygig - PROSP,a-NCNU_v-PROG_c-dCPM_b1-NCNU_b2-PROSP_b3-ROE_m-NCNUGP2B_s-300x250|22393398,Mobile,Blocking,79946,50942,29004,5856,7147,0,0,0,79651,16391,17974,28728,50942,0.0,50942,17974,28728,NULL,NULL,0.0,0,0.0,50942,0.0,0
6631,Lavidge_McDonalds,GCM ROD - 2017,Whirlygig - MOB,a-MCDN_v-PROG_c-dCPM_b1-GCM_b2-RODENG_b3-MOB_b4-NA_m-MP2F50828_s-300x250,Tablet,Blocking,79869,75971,3898,2262,33,0,0,0,79228,1656,31751,35636,75971,0.0,75971,31751,35636,NULL,NULL,0.0,0,0.0,75971,0.0,0
8218,Lavidge_ASU,ASU SoCal_FY17-18,Whirlygig - RET,a-ASUSC_v-PROG_c-dCPM_b1-SC_b2-RET_b3-NA_m-NA_s-160x600|22319487,Desktop,Blocking,79835,76488,3347,2214,78,0,0,0,79828,1084,41201,27675,76488,0.0,76488,41201,27675,NULL,NULL,0.0,0,0.0,76488,0.0,0
7414,Lavidge_AAA,AAA of Arizona - 2017 - GCM,Whirlygig - PROSP,a-AAA_v-PROG_c-dCPM_b1-GCM_b2-PROSP_b3-PROSP_m-AZGCMP1O_s-300x600|22457191,Desktop,Blocking,79482,74739,4743,2449,57,0,0,0,79207,2338,40393,29696,74739,0.0,74741,40393,29696,NULL,NULL,0.0,0,0.0,74741,0.0,0
9263,Lavidge_APS,APS - Corporate,Whirlygig - PROSP,a-APS_b6-CORP_v-PROG_m-DAM_c-dCPM_b1-STPROSP_b2-PROG_b3-NL_b4-NE_b5-REL_s-300x250|21810782,Tablet,Blocking,78831,72502,6329,5609,32,0,0,0,78365,776,33370,35153,72502,0.0,72502,33370,35153,NULL,NULL,0.0,0,0.0,72502,0.0,0
7414,Lavidge_AAA,AAA NCNU,Whirlygig - PROSP,a-NCNU_v-PROG_c-dCPM_b1-NCNU_b2-PROSP_b3-ROE_m-NCNUGP2A_s-300x600|22393391,Desktop,Blocking,78309,62274,16035,2026,1895,0,0,0,77138,12559,29766,27087,62274,0.0,62274,29766,27087,NULL,NULL,0.0,0,0.0,62274,0.0,0
7414,Lavidge_AAA,AAA NCNU,Whirlygig - PROSP,a-NCNU_v-PROG_c-dCPM_b1-NCNU_b2-PROSP_b3-LAL_m-NCNUGP2A_s-728x90|22393452,Desktop,Blocking,77124,72961,4163,2295,294,0,0,0,77084,1620,32233,36204,72961,0.0,72961,32233,36204,NULL,NULL,0.0,0,0.0,72961,0.0,0
7414,Lavidge_AAA,AAA of Arizona - 2017 - GCM,Whirlygig - PROSP,a-AAA_v-PROG_c-dCPM_b1-GCM_b2-PROSP_b3-PROSP_m-GCMS_s-300x250|20823207,Desktop,Blocking,77050,72027,5023,2173,48,0,0,0,76677,2857,37350,26306,72027,0.0,72037,37350,26306,NULL,NULL,0.0,0,0.0,72037,0.0,0
9263,Lavidge_APS,APS - Corporate,Whirlygig - PROSP,a-APS_b6-CORP_v-PROG_m-DAM_c-dCPM_b1-STPROSP_b2-PROG_b3-NL_b4-NE_b5-MGS_s-300x250|21883463,Tablet,Blocking,75483,69523,5960,5262,30,0,0,0,75046,736,32032,33733,69523,0.0,69525,32032,33733,NULL,NULL,0.0,0,0.0,69525,0.0,0
8218,Lavidge_ASU,ASU WP UG_FY16-17,Whirlygig - PROSP,a-ASUWPC_v-PROG_c-dCPM_b1-UG_b2-PROSP_b3-AZ_m-NA_s-160x600|22173801,Desktop,Blocking,75192,71565,3627,1327,11,0,130,0,75155,2173,33211,32681,71565,0.0,71609,33211,32681,NULL,NULL,0.0,0,0.0,71609,0.0,0
7414,Lavidge_AAA,AAA NCNU,Whirlygig - PROSP,a-NCNU_v-PROG_c-dCPM_b1-NCNU_b2-PROSP_b3-LAL_m-NCNUGP2P_s-300x250|22393466,Desktop,Blocking,75105,71285,3820,2454,209,0,0,0,75058,1197,33325,33124,71285,0.0,71285,33325,33124,NULL,NULL,0.0,0,0.0,71285,0.0,0
9263,Lavidge_APS,APS - Corporate,Whirlygig - PROSP,a-APS_b6-CORP_v-PROG_m-DAM_c-dCPM_b1-STPROSP_b2-PROG_b3-NL_b4-NE_b5-CORED_s-320x50|22568713,Mobile,Blocking,74973,71141,3832,3409,45,0,0,0,74647,422,43326,24650,71141,0.0,71157,43326,24650,NULL,NULL,0.0,0,0.0,71157,0.0,0
6631,Lavidge_McDonalds,GCM GMA - 2017,Whirlygig - MOB,a-MCDN_v-PROG_c-dCPM_b1-GCM_b2-GMA_b3-MOB_b4-APL_m-GMA0904_s-320x50|22430282,Tablet,Blocking,74854,73815,1039,452,77,0,0,0,45438,565,33508,19127,73815,0.0,73815,33508,19127,NULL,NULL,0.0,0,0.0,73815,0.0,0
8218,Lavidge_ASU,ASU_TBird_FY16-17,Whirlygig - RET,WGIG_RET-TBird-160x600,Desktop,Blocking,74237,71772,2465,1398,36,0,400,0,74226,645,41870,26719,71772,0.0,71772,41870,26719,NULL,NULL,0.0,0,0.0,71772,0.0,0
7414,Lavidge_AAA,AAA of Arizona - 2017 - GCM,Whirlygig - PROSP,a-AAA_v-PROG_c-dCPM_b1-GCM_b2-PROSP_b3-PROSP_m-AZGCMP1F_s-300x600|22457186,Desktop,Blocking,74220,69790,4430,2193,65,0,0,0,73921,2279,38268,27194,69790,0.0,69795,38268,27194,NULL,NULL,0.0,0,0.0,69795,0.0,0
7414,Lavidge_AAA,AAA of Arizona - 2017 - GCM,Whirlygig - PROSP,a-AAA_v-PROG_c-dCPM_b1-GCM_b2-PROSP_b3-PROSP_m-GCMCR_s-300x250|20823203,Desktop,Blocking,73583,68705,4878,2105,34,0,0,0,73298,2797,35985,25095,68705,0.0,68722,35985,25095,NULL,NULL,0.0,0,0.0,68722,0.0,0
7414,Lavidge_AAA,AAA NCNU,Whirlygig - PROSP,a-NCNU_v-PROG_c-dCPM_b1-NCNU_b2-PROSP_b3-LAL_m-NCNUGP2P_s-320x50|22393469,Mobile,Blocking,73207,69545,3662,2405,932,0,0,0,73019,384,35372,30852,69545,0.0,69545,35372,30852,NULL,NULL,0.0,0,0.0,69545,0.0,0
7414,Lavidge_AAA,AAA of Arizona - 2017 - HCM,Whirlygig - PROSP,a-AAA_v-PROG_c-dCPM_b1-HCM_b2-PROSP_b3-PROSP_m-AZHCMPCA_s-300x250|22429947,Mobile,Blocking,72598,67487,5111,4639,0,0,0,0,71768,486,23487,39610,67487,0.0,67487,23487,39610,NULL,NULL,0.0,0,0.0,67487,0.0,0
6643,Lavidge_Cable ONE,2017 Interactive Media - Acquisition,Whirlygig - PROSP,20949-229177-60896-3 | a-CONE_v-PROG_c-dCPM_b1-PROSP_b2-PROSP_b3-ATT_b4-HM_b5-NA_m-NA_s-728x90|20949-229177-60896-3,Desktop,Blocking,72573,67058,5515,3612,6,0,0,0,71383,1973,33934,31807,67058,0.0,67080,33934,31807,NULL,NULL,0.0,0,0.0,67080,0.0,0
7414,Lavidge_AAA,AAA NCNU,Whirlygig - PROSP,a-NCNU_v-PROG_c-dCPM_b1-NCNU_b2-PROSP_b3-LAL_m-NCNUGP1O_s-300x250|22393444,Desktop,Blocking,71508,67671,3837,2425,217,0,0,0,71459,1235,30988,32101,67671,0.0,67671,30988,32101,NULL,NULL,0.0,0,0.0,67671,0.0,0
7414,Lavidge_AAA,AAA NCNU,Whirlygig - PROSP,a-NCNU_v-PROG_c-dCPM_b1-NCNU_b2-PROSP_b3-LAL_m-NCNUGP2A_s-300x250|22393449,Desktop,Blocking,71228,67446,3782,2374,239,0,0,0,71179,1213,29947,32927,67446,0.0,67446,29947,32927,NULL,NULL,0.0,0,0.0,67446,0.0,0
7414,Lavidge_AAA,AAA NCNU,Whirlygig - RET,a-NCNU_v-PROG_c-dCPM_b1-NCNU_b2-RET_b3-RET_m-NCNUGRT_s-728x90|22393503,Desktop,Blocking,70868,68338,2530,1545,17,0,0,0,70836,1008,30426,34989,68338,0.0,68338,30426,34989,NULL,NULL,0.0,0,0.0,68338,0.0,0
7414,Lavidge_AAA,AAA of Arizona - 2017 - HCM,Whirlygig - PROSP,a-AAA_v-PROG_c-dCPM_b1-HCM_b2-PROSP_b3-PROSP_m-AZHCMPLF_s-300x250|22429952,Mobile,Blocking,70734,65759,4975,4505,0,0,0,0,69929,493,23289,38230,65759,0.0,65761,23289,38230,NULL,NULL,0.0,0,0.0,65761,0.0,0
6631,Lavidge_McDonalds,HCM ROD Spanish - 2017,Whirlygig - MOB,a-MCDN_v-PROG_c-dCPM_b1-HCM_b2-RODSPA_b3-MOB_b4-NA_m-MP2F50828_s-300x250,Tablet,Blocking,70569,66832,3737,2590,25,0,0,0,69951,1161,26345,33526,66832,0.0,66832,26345,33526,NULL,NULL,0.0,0,0.0,66832,0.0,0
6631,Lavidge_McDonalds,GCM BFAST - 2017,Whirlygig - MOB,a-MCDN_v-PROG_c-dCPM_b1-GCM_b2-BFAST_b3-MOB_b4-NA_m-1SBASC0828_s-320x50,Tablet,Blocking,70214,68518,1696,956,81,0,0,0,68557,740,35620,23902,68518,0.0,68518,35620,23902,NULL,NULL,0.0,0,0.0,68518,0.0,0
7414,Lavidge_AAA,AAA NCNU,Whirlygig - PROSP,a-NCNU_v-PROG_c-dCPM_b1-NCNU_b2-PROSP_b3-LAL_m-NCNUGP2P_s-728x90|22393471,Desktop,Blocking,69058,65377,3681,1974,254,0,0,0,69030,1503,29053,32336,65377,0.0,65377,29053,32336,NULL,NULL,0.0,0,0.0,65377,0.0,0
6643,Lavidge_Cable ONE,2017 Interactive Media - Acquisition,Whirlygig - MOB,20949-229177-60900-26 | a-CONE_v-PROG_c-dCPM_b1-PROSP_b2-MCDP_b3-CL_b4-HM_b5-NA_b6-MXP_m-NA_s-300x250|20949-229177-60900-26,Mobile,Blocking,68986,59022,9964,9482,40,0,0,0,66985,543,26834,26263,59022,0.0,59022,26834,26263,NULL,NULL,0.0,0,0.0,59022,0.0,0
7414,Lavidge_AAA,AAA NCNU,Whirlygig - PROSP,a-NCNU_v-PROG_c-dCPM_b1-NCNU_b2-PROSP_b3-LAL_m-NCNUGP2B_s-728x90|22393462,Desktop,Blocking,68657,65177,3480,1883,254,0,0,0,68629,1396,28706,32171,65177,0.0,65177,28706,32171,NULL,NULL,0.0,0,0.0,65177,0.0,0
8218,Lavidge_ASU,ASU CareerServices_FY17-18,Whirlygig - PROSP,a-ASUCS_v-PROG_c-dCPM_b1-CS_b2-PROSP_b3-NA_m-NA_s-160x600|22305758,Desktop,Blocking,68571,65475,3096,1355,7,0,0,0,68520,1756,30911,28375,65475,0.0,65476,30911,28375,NULL,NULL,0.0,0,0.0,65476,0.0,0
7414,Lavidge_AAA,AAA NCNU,Whirlygig - PROSP,a-NCNU_v-PROG_c-dCPM_b1-NCNU_b2-PROSP_b3-LAL_m-NCNUGP1O_s-160x600|22393443,Desktop,Blocking,68085,65095,2990,1601,72,0,0,0,68058,1344,31639,28421,65095,0.0,65095,31639,28421,NULL,NULL,0.0,0,0.0,65095,0.0,0
8523,Lavidge_GOYFF,GOYFF-Parents,Whirlygig - PROSP,WGIG_PROSP-GOYFF_Parents-Prescription-300x600|21166573,Desktop,Blocking,68046,65013,3033,921,1010,0,0,0,68011,1169,44681,17932,65013,0.0,65061,44681,17932,NULL,NULL,0.0,0,0.0,65061,0.0,0
7414,Lavidge_AAA,AAA of Arizona - 2017 - GCM,Whirlygig - PROSP,a-AAA_v-PROG_c-dCPM_b1-GCM_b2-PROSP_b3-PROSP_m-AZGCMP2P_s-300x600|22457206,Desktop,Blocking,67718,63767,3951,1979,60,0,0,0,67455,1991,35027,24775,63767,0.0,63771,35027,24775,NULL,NULL,0.0,0,0.0,63771,0.0,0
9263,Lavidge_APS,APS - Corporate,Whirlygig - PROSP,a-APS_b6-CORP_v-PROG_m-DAM_c-dCPM_b1-STPROSP_b2-PROG_b3-NL_b4-NE_b5-MGS_s-728x90|21883467,Tablet,Blocking,67343,63298,4045,3398,30,0,0,0,67020,669,33081,27146,63298,0.0,63304,33081,27146,NULL,NULL,0.0,0,0.0,63304,0.0,0
7414,Lavidge_AAA,AAA NCNU,Whirlygig - RET,a-NCNU_v-PROG_c-dCPM_b1-NCNU_b2-RET_b3-RET_m-NCNUGRB_s-728x90|22393488,Desktop,Blocking,66789,64440,2349,1414,13,0,0,0,66767,960,28293,33442,64440,0.0,64440,28293,33442,NULL,NULL,0.0,0,0.0,64440,0.0,0
7414,Lavidge_AAA,AAA of Arizona - 2017 - GCM,Whirlygig - PROSP,a-AAA_v-PROG_c-dCPM_b1-GCM_b2-PROSP_b3-PROSP_m-GCMP_s-160x600|20667995,Desktop,Blocking,66767,61635,5132,2493,18,0,0,0,66611,2666,35691,19005,61635,0.0,61648,35691,19005,NULL,NULL,0.0,0,0.0,61648,0.0,0
7414,Lavidge_AAA,AAA NCNU,Whirlygig - PROSP,a-NCNU_v-PROG_c-dCPM_b1-NCNU_b2-PROSP_b3-LAL_m-NCNUGP2A_s-300x600|22393450,Desktop,Blocking,66394,63668,2726,1622,120,0,0,0,66362,1013,34906,25391,63668,0.0,63668,34906,25391,NULL,NULL,0.0,0,0.0,63668,0.0,0
6643,Lavidge_Cable ONE,2017 Interactive Media - Acquisition,Whirlygig - MOB,20949-229177-60900-24 | a-CONE_v-PROG_c-dCPM_b1-PROSP_b2-MCDP_b3-ATT_b4-HM_b5-NA_b6-MXP_m-NA_s-300x250|20949-229177-60900-24,Mobile,Blocking,66337,57369,8968,8464,30,0,0,0,63833,546,21623,26496,57369,0.0,57369,21623,26496,NULL,NULL,0.0,0,0.0,57369,0.0,0
9263,Lavidge_APS,APS - Corporate,Whirlygig - PROSP,a-APS_b6-CORP_v-PROG_m-DAM_c-dCPM_b1-STPROSP_b2-PROG_b3-NL_b4-NE_b5-CE_s-300x600|22127020,Desktop,Blocking,66055,61437,4618,3110,10,0,0,0,65832,1608,34121,20502,61437,0.0,61477,34121,20502,NULL,NULL,0.0,0,0.0,61477,0.0,0
8218,Lavidge_ASU,ASU WP MBA_FY16-17,Whirlygig - RET,a-ASUWPC_v-PROG_c-dCPM_b1-MBA_b2-RET_b3-NAT_m-NA_s-300x250|22174042,Desktop,Blocking,65639,62994,2645,1621,4,0,297,0,65610,737,31286,29058,62994,0.0,63035,31286,29058,NULL,NULL,0.0,0,0.0,63035,0.0,0
6643,Lavidge_Cable ONE,2017 Interactive Media - Acquisition,Whirlygig - PROSP,20949-229177-60896-35 | a-CONE_v-PROG_c-dCPM_b1-PROSP_b2-PROSP_b3-CL_b4-HM_b5-NA_b6-MXP_m-NA_s-300x250|20949-229177-60896-35,Desktop,Blocking,65528,62869,2659,1729,13,0,0,0,62689,966,36206,23791,62869,0.0,62869,36206,23791,NULL,NULL,0.0,0,0.0,62869,0.0,0
8218,Lavidge_ASU,ASU WP MBA_FY16-17,Whirlygig - MOB,a-ASUWPC_v-PROG_c-dCPM_b1-MBA_b2-MOB_b3-AZ_m-MBAPDDISP_s-300x250|22610004,Tablet,Blocking,65160,60141,5019,3404,10,0,915,0,64617,739,26435,30606,60141,0.0,60141,26435,30606,NULL,NULL,0.0,0,0.0,60141,0.0,0
7414,Lavidge_AAA,AAA of Arizona - 2017 - GCM,Whirlygig - PROSP,a-AAA_v-PROG_c-dCPM_b1-GCM_b2-PROSP_b3-PROSP_m-AZGCMP2A_s-300x600|22457196,Desktop,Blocking,65093,61217,3876,1878,55,0,0,0,64824,2050,33280,24084,61217,0.0,61225,33280,24084,NULL,NULL,0.0,0,0.0,61225,0.0,0
7414,Lavidge_AAA,AAA NCNU,Whirlygig - PROSP,a-NCNU_v-PROG_c-dCPM_b1-NCNU_b2-PROSP_b3-LAL_m-NCNUGP1F_s-320x50|22393441,Mobile,Blocking,64888,61674,3214,1980,937,0,0,0,64722,344,31410,27296,61674,0.0,61674,31410,27296,NULL,NULL,0.0,0,0.0,61674,0.0,0
7414,Lavidge_AAA,AAA NCNU,Whirlygig - PROSP,a-NCNU_v-PROG_c-dCPM_b1-NCNU_b2-PROSP_b3-LAL_m-NCNUGP1O_s-728x90|22393447,Desktop,Blocking,64342,61151,3191,1722,223,0,0,0,64316,1291,27176,30145,61151,0.0,61151,27176,30145,NULL,NULL,0.0,0,0.0,61151,0.0,0
7414,Lavidge_AAA,AAA NCNU,Whirlygig - PROSP,a-NCNU_v-PROG_c-dCPM_b1-NCNU_b2-PROSP_b3-LAL_m-NCNUGP2B_s-300x250|22393456,Desktop,Blocking,64318,60829,3489,2215,194,0,0,0,64267,1114,28570,28072,60829,0.0,60829,28570,28072,NULL,NULL,0.0,0,0.0,60829,0.0,0
7414,Lavidge_AAA,AAA NCNU,Whirlygig - PROSP,a-NCNU_v-PROG_c-dCPM_b1-NCNU_b2-PROSP_b3-LAL_m-NCNUGP1O_s-300x600|22393445,Desktop,Blocking,63947,61404,2543,1485,150,0,0,0,63927,938,33834,24454,61404,0.0,61404,33834,24454,NULL,NULL,0.0,0,0.0,61404,0.0,0
7414,Lavidge_AAA,AAA NCNU,Whirlygig - PROSP,a-NCNU_v-PROG_c-dCPM_b1-NCNU_b2-PROSP_b3-LAL_m-NCNUGP1F_s-160x600|22393434,Desktop,Blocking,63936,60979,2957,1610,91,0,0,0,63905,1291,29734,26404,60979,0.0,60979,29734,26404,NULL,NULL,0.0,0,0.0,60979,0.0,0
6643,Lavidge_Cable ONE,2017 Interactive Media - Acquisition,Whirlygig - MOB,20949-229177-60900-21 | a-CONE_v-PROG_c-dCPM_b1-PROSP_b2-MCDP_b3-ATT_b4-HM_b5-NA_m-NA_s-320x50|20949-229177-60900-21,Mobile,Blocking,63409,60613,2796,2376,58,0,0,0,62613,428,26290,30145,60613,0.0,60613,26290,30145,NULL,NULL,0.0,0,0.0,60613,0.0,0
6631,Lavidge_McDonalds,GCM GMA - 2017,Whirlygig - MOB,a-MCDN_v-PROG_c-dCPM_b1-GCM_b2-GMA_b3-MOB_b4-AND_m-GMA0904_s-300x250|22430283,Tablet,Blocking,63251,61242,2009,1022,87,0,0,0,50865,966,11782,17334,61242,0.0,61242,11782,17334,NULL,NULL,0.0,0,0.0,61242,0.0,0
9263,Lavidge_APS,APS - Corporate,Whirlygig - PROSP,a-APS_b6-CORP_v-PROG_m-DAM_c-dCPM_b1-STPROSP_b2-PROG_b3-NL_b4-NE_b5-SHMWK_s-728x90|22127029,Tablet,Blocking,62996,59104,3892,3277,25,0,0,0,62692,645,30786,25477,59104,0.0,59105,30786,25477,NULL,NULL,0.0,0,0.0,59105,0.0,0
6631,Lavidge_McDonalds,HCM ROD English - 2017,Whirlygig - MOB,a-MCDN_v-PROG_c-dCPM_b1-HCM_b2-RODENG_b3-MOB_b4-NA_m-MP2F50828_s-300x250,Tablet,Blocking,62784,61005,1779,953,26,0,0,0,53655,841,20390,22822,61005,0.0,61005,20390,22822,NULL,NULL,0.0,0,0.0,61005,0.0,0
9263,Lavidge_APS,APS - Corporate,Whirlygig - PROSP,a-APS_b6-CORP_v-PROG_m-DAM_c-dCPM_b1-STPROSP_b2-PROG_b3-NL_b4-NE_b5-SHMWK_s-300x250|22127025,Tablet,Blocking,62228,57413,4815,4226,29,0,0,0,61834,625,26640,27666,57413,0.0,57415,26640,27666,NULL,NULL,0.0,0,0.0,57415,0.0,0
7414,Lavidge_AAA,AAA NCNU,Whirlygig - PROSP,a-NCNU_v-PROG_c-dCPM_b1-NCNU_b2-PROSP_b3-LAL_m-NCNUGP1F_s-728x90|22393442,Desktop,Blocking,62104,58918,3186,1679,245,0,0,0,62071,1296,26143,29142,58918,0.0,58918,26143,29142,NULL,NULL,0.0,0,0.0,58918,0.0,0
7414,Lavidge_AAA,AAA NCNU,Whirlygig - PROSP,a-NCNU_v-PROG_c-dCPM_b1-NCNU_b2-PROSP_b3-LAL_m-NCNUGP2B_s-300x600|22393458,Desktop,Blocking,62031,59677,2354,1366,132,0,0,0,62000,894,32936,23718,59677,0.0,59677,32936,23718,NULL,NULL,0.0,0,0.0,59677,0.0,0
8218,Lavidge_ASU,ASU WP MBA_FY16-17,Whirlygig - RET,a-ASUWPC_v-PROG_c-dCPM_b1-MBA_b2-RET_b3-NAT_m-FFR_s-300x250|22448797,Desktop,Blocking,61822,59263,2559,1516,37,0,307,0,61802,861,28928,27932,59263,0.0,59263,28928,27932,NULL,NULL,0.0,0,0.0,59263,0.0,0
7414,Lavidge_AAA,AAA of Arizona - 2017 - GCM,Whirlygig - PROSP,a-AAA_v-PROG_c-dCPM_b1-GCM_b2-PROSP_b3-PROSP_m-GCMS_s-160x600|20823206,Desktop,Blocking,61558,56941,4617,2218,16,0,0,0,61398,2427,32964,17786,56941,0.0,56950,32964,17786,NULL,NULL,0.0,0,0.0,56950,0.0,0
9263,Lavidge_APS,APS - Corporate,Whirlygig - PROSP,a-APS_b6-CORP_v-PROG_m-DAM_c-dCPM_b1-STPROSP_b2-PROG_b3-NL_b4-NE_b5-MGS_s-300x600|21883464,Desktop,Blocking,60945,56667,4278,2879,7,0,0,0,60779,1466,31604,18956,56667,0.0,56715,31604,18956,NULL,NULL,0.0,0,0.0,56715,0.0,0
7414,Lavidge_AAA,AAA NCNU,Whirlygig - PROSP,a-NCNU_v-PROG_c-dCPM_b1-NCNU_b2-PROSP_b3-LAL_m-NCNUGP1C_s-728x90|22393431,Desktop,Blocking,60853,57794,3059,1653,223,0,0,0,60818,1213,25341,28748,57794,0.0,57794,25341,28748,NULL,NULL,0.0,0,0.0,57794,0.0,0
6631,Lavidge_McDonalds,HCM ROD Spanish - 2017,Whirlygig - PROSP,a-MCDN_v-PROG_c-dCPM_b1-HCM_b2-RODSPA_b3-DIS_b4-NA_m-MP2F50828_s-300x600,Desktop,Blocking,59489,57566,1923,640,26,0,0,0,59372,1277,38033,15954,57566,0.0,57566,38033,15954,NULL,NULL,0.0,0,0.0,57566,0.0,0
8218,Lavidge_ASU,ASU SoCal_FY17-18,Whirlygig - RET,a-ASUSC_v-PROG_c-dCPM_b1-SC_b2-RET_b3-NA_m-NA_s-300x600|22319489,Desktop,Blocking,58392,55098,3294,2403,67,0,0,0,58384,857,31406,19009,55098,0.0,55098,31406,19009,NULL,NULL,0.0,0,0.0,55098,0.0,0
7414,Lavidge_AAA,AAA of Arizona - 2017 - GCM,Whirlygig - PROSP,a-AAA_v-PROG_c-dCPM_b1-GCM_b2-PROSP_b3-PROSP_m-GCMP_s-300x600|20667997,Desktop,Blocking,57835,54435,3400,1684,14,0,0,0,57557,1790,29155,19706,54435,0.0,54445,29155,19706,NULL,NULL,0.0,0,0.0,54445,0.0,0
7414,Lavidge_AAA,AAA of Arizona - 2017 - GCM,Whirlygig - PROSP,a-AAA_v-PROG_c-dCPM_b1-GCM_b2-PROSP_b3-PROSP_m-GCMW_s-160x600|20823210,Desktop,Blocking,57326,53111,4215,2046,18,0,0,0,57164,2188,30793,16491,53111,0.0,53123,30793,16491,NULL,NULL,0.0,0,0.0,53123,0.0,0
7414,Lavidge_AAA,AAA NCNU,Whirlygig - PROSP,a-NCNU_v-PROG_c-dCPM_b1-NCNU_b2-PROSP_b3-LAL_m-NCNUGP1F_s-300x600|22393439,Desktop,Blocking,57274,55081,2193,1244,122,0,0,0,57252,851,30239,21839,55081,0.0,55081,30239,21839,NULL,NULL,0.0,0,0.0,55081,0.0,0
9263,Lavidge_APS,APS - Corporate,Whirlygig - PROSP,a-APS_b6-CORP_v-PROG_m-DAM_c-dCPM_b1-STPROSP_b2-PROG_b3-NL_b4-NE_b5-REL_s-300x600|21810783,Desktop,Blocking,56793,52721,4072,2760,20,0,0,0,56636,1386,29494,17732,52721,0.0,52721,29494,17732,NULL,NULL,0.0,0,0.0,52721,0.0,0
6631,Lavidge_McDonalds,HCM BFAST - 2017,Whirlygig - MOB,a-MCDN_v-PROG_c-dCPM_b1-HCM_b2-BFAST_b3-MOB_b4-NA_m-1SBASC0828_s-300x250,Tablet,Blocking,56379,54081,2298,1150,27,0,0,0,55971,1171,23521,23434,54081,0.0,54081,23521,23434,NULL,NULL,0.0,0,0.0,54081,0.0,0
7414,Lavidge_AAA,AAA of Arizona - 2017 - GCM,Whirlygig - PROSP,a-AAA_v-PROG_c-dCPM_b1-GCM_b2-PROSP_b3-PROSP_m-GCMP_s-300x250|20667996,Desktop,Blocking,56218,52615,3603,1522,35,0,0,0,56021,2090,27552,19188,52615,0.0,52627,27552,19188,NULL,NULL,0.0,0,0.0,52627,0.0,0
9263,Lavidge_APS,APS - DBacks,DBacks,a-APS_b6-DBKS_v-DB_m-MOB_c-dCPM_b1-STPROSP_b2-SD_b3-NL_b4-NE_b5-ACRMD_s-320x50|22162241,Mobile,Blocking,56089,56080,9,0,0,0,0,0,56056,9,13169,42198,56080,0.0,56080,13169,42198,NULL,NULL,0.0,0,0.0,56080,0.0,0
8218,Lavidge_ASU,ASU WP MBA_FY16-17,Whirlygig - MOB,a-ASUWPC_v-PROG_c-dCPM_b1-MBA_b2-MOB_b3-AZ_m-MBAPDDISP_s-728x90|22610007,Tablet,Blocking,55468,52746,2722,1387,1,0,666,0,55195,691,24233,26044,52746,0.0,52746,24233,26044,NULL,NULL,0.0,0,0.0,52746,0.0,0
7414,Lavidge_AAA,AAA of Arizona - 2017 - HCM,Whirlygig - PROSP,a-AAA_v-PROG_c-dCPM_b1-HCM_b2-PROSP_b3-PROSP_m-HCMMB_s-300x250|20823223,Desktop,Blocking,55253,53084,2169,1316,6,0,0,0,55120,871,27992,20317,53084,0.0,53084,27992,20317,NULL,NULL,0.0,0,0.0,53084,0.0,0
6643,Lavidge_Cable ONE,2017 Interactive Media - Acquisition,Whirlygig - MOB,20949-229177-60900-22 | a-CONE_v-PROG_c-dCPM_b1-PROSP_b2-MCDP_b3-CL_b4-HM_b5-NA_m-NA_s-300x250|20949-229177-60900-22,Tablet,Blocking,54894,52295,2599,2072,38,0,0,0,51935,539,13496,32368,52295,0.0,52295,13496,32368,NULL,NULL,0.0,0,0.0,52295,0.0,0
7414,Lavidge_AAA,AAA NCNU,Whirlygig - PROSP,a-NCNU_v-PROG_c-dCPM_b1-NCNU_b2-PROSP_b3-LAL_m-NCNUGP1F_s-300x250|22393436,Mobile,Blocking,54814,49797,5017,3091,1306,0,0,0,54501,677,17512,30520,49797,0.0,49797,17512,30520,NULL,NULL,0.0,0,0.0,49797,0.0,0
8218,Lavidge_ASU,ASU_TBird_FY16-17,Whirlygig - RET,WGIG_RET-TBird-Online_Exec_Ed-300x250|20200789,Desktop,Blocking,54596,52839,1757,1166,101,0,196,0,54565,310,28117,22142,52839,0.0,52870,28117,22142,NULL,NULL,0.0,0,0.0,52870,0.0,0
6643,Lavidge_Cable ONE,2017 Interactive Media - Acquisition,Whirlygig - PROSP,20949-229177-60896-31 | a-CONE_v-PROG_c-dCPM_b1-PROSP_b2-PROSP_b3-ATT_b4-HM_b5-NA_b6-MXP_m-NA_s-300x250|20949-229177-60896-31,Desktop,Blocking,54463,51750,2713,1536,8,0,0,0,51757,1209,27980,21782,51750,0.0,51750,27980,21782,NULL,NULL,0.0,0,0.0,51750,0.0,0
8218,Lavidge_ASU,ASU BHC_FY16-17,Whirlygig - MOB,WGIG_MOB-BHC-300x250|18968695,Mobile,Monitoring,54351,52966,1385,827,1,0,189,0,53057,376,12237,40559,53975,0.0,54351,12237,40559,NULL,NULL,0.0,0,0.0,54351,0.0,0
7414,Lavidge_AAA,AAA of Arizona - 2017 - HCM,Whirlygig - PROSP,a-AAA_v-PROG_c-dCPM_b1-HCM_b2-PROSP_b3-PROSP_m-NA_s-300x250|20015472,Desktop,Blocking,53878,51703,2175,1287,12,0,0,0,53747,896,27474,19661,51703,0.0,51703,27474,19661,NULL,NULL,0.0,0,0.0,51703,0.0,0
7414,Lavidge_AAA,AAA of Arizona - 2017 - HCM,Whirlygig - PROSP,a-AAA_v-PROG_c-dCPM_b1-HCM_b2-PROSP_b3-PROSP_m-HCMCR_s-300x250|20823227,Desktop,Blocking,53727,51595,2132,1290,3,0,0,0,53622,855,27186,19873,51595,0.0,51595,27186,19873,NULL,NULL,0.0,0,0.0,51595,0.0,0
8218,Lavidge_ASU,ASU WP MBA_FY16-17,Whirlygig - RET,a-ASUWPC_v-PROG_c-dCPM_b1-MBA_b2-RET_b3-NAT_m-NA_s-728x90|22174045,Desktop,Blocking,53204,50990,2214,1194,13,0,157,0,53163,865,25059,23766,50990,0.0,51032,25059,23766,NULL,NULL,0.0,0,0.0,51032,0.0,0
7414,Lavidge_AAA,AAA NCNU,Whirlygig - PROSP,a-NCNU_v-PROG_c-dCPM_b1-NCNU_b2-PROSP_b3-LAL_m-NCNUGP1C_s-300x250|22393425,Mobile,Blocking,53187,48429,4758,2994,1176,0,0,0,52888,633,16948,29856,48429,0.0,48429,16948,29856,NULL,NULL,0.0,0,0.0,48429,0.0,0
6631,Lavidge_McDonalds,HCM ROD Spanish - 2017,Whirlygig - MOB,a-MCDN_v-PROG_c-dCPM_b1-HCM_b2-RODSPA_b3-MOB_b4-NA_m-MP2F50828_s-320x50,Tablet,Blocking,52949,51650,1299,814,81,0,0,0,51877,471,26026,18604,51650,0.0,51650,26026,18604,NULL,NULL,0.0,0,0.0,51650,0.0,0
7414,Lavidge_AAA,AAA of Arizona - 2017 - GCM,Whirlygig - PROSP,a-AAA_v-PROG_c-dCPM_b1-GCM_b2-PROSP_b3-PROSP_m-NA_s-160x600|20015515,Desktop,Blocking,52674,48631,4043,1970,17,0,0,0,52498,2076,28420,15419,48631,0.0,48631,28420,15419,NULL,NULL,0.0,0,0.0,48631,0.0,0
7414,Lavidge_AAA,AAA NCNU,Whirlygig - PROSP,a-NCNU_v-PROG_c-dCPM_b1-NCNU_b2-PROSP_b3-LAL_m-NCNUGP2P_s-300x600|22393467,Desktop,Blocking,52085,50073,2012,1153,114,0,0,0,52050,766,27560,19944,50073,0.0,50073,27560,19944,NULL,NULL,0.0,0,0.0,50073,0.0,0
8218,Lavidge_ASU,ASU_SFIS_FY16-17,Whirlygig - PROSP,WGIG_PROSP-SFIS-728x90|21165498,Desktop,Blocking,51944,48907,3037,2287,18,0,0,0,51932,754,22276,24027,48907,0.0,48936,22276,24027,NULL,NULL,0.0,0,0.0,48936,0.0,0
7414,Lavidge_AAA,AAA NCNU,Whirlygig - PROSP,a-NCNU_v-PROG_c-dCPM_b1-NCNU_b2-PROSP_b3-LAL_m-NCNUGP1C_s-160x600|22393423,Desktop,Blocking,51492,49029,2463,1297,87,0,0,0,51468,1113,23588,21688,49029,0.0,49029,23588,21688,NULL,NULL,0.0,0,0.0,49029,0.0,0
9263,Lavidge_APS,APS - Corporate,Whirlygig - PROSP,a-APS_b6-CORP_v-PROG_m-DAM_c-dCPM_b1-STPROSP_b2-PROG_b3-NL_b4-NE_b5-MGS_s-728x90|21883467,Mobile,Blocking,51098,45906,5192,4710,48,0,0,0,50900,494,28650,16300,45906,0.0,45917,28650,16300,NULL,NULL,0.0,0,0.0,45917,0.0,0
7414,Lavidge_AAA,AAA of Arizona - 2017 - HCM,Whirlygig - PROSP,a-AAA_v-PROG_c-dCPM_b1-HCM_b2-PROSP_b3-PROSP_m-AZHCMPAT_s-300x600|22429943,Desktop,Blocking,50989,49164,1825,1013,6,0,0,0,50917,819,26404,18636,49164,0.0,49170,26404,18636,NULL,NULL,0.0,0,0.0,49170,0.0,0
8523,Lavidge_GOYFF,GOYFF-Parents,Whirlygig - MOB,WGIG_MOB-GOYFF_Parents-Prescription-300x250|21166582,Tablet,Blocking,50557,49536,1021,323,323,0,0,0,45969,575,20244,10044,49536,0.0,49538,20244,10044,NULL,NULL,0.0,0,0.0,49538,0.0,0
9263,Lavidge_APS,APS - Corporate,Whirlygig - PROSP,a-APS_b6-CORP_v-PROG_m-DAM_c-dCPM_b1-STPROSP_b2-PROG_b3-NL_b4-NE_b5-CE_s-728x90|22127023,Tablet,Blocking,50404,47349,3055,2604,22,0,0,0,50180,471,24828,20264,47349,0.0,47349,24828,20264,NULL,NULL,0.0,0,0.0,47349,0.0,0
7414,Lavidge_AAA,AAA of Arizona - 2017 - GCM,Whirlygig - PROSP,a-AAA_v-PROG_c-dCPM_b1-GCM_b2-PROSP_b3-PROSP_m-GCMCR_s-160x600|20823202,Desktop,Blocking,50301,46477,3824,1804,16,0,0,0,50152,2035,26987,14418,46477,0.0,46492,26987,14418,NULL,NULL,0.0,0,0.0,46492,0.0,0
9263,Lavidge_APS,APS - Corporate,Whirlygig - PROSP,a-APS_b6-CORP_v-PROG_m-DAM_c-dCPM_b1-STPROSP_b2-PROG_b3-NL_b4-NE_b5-REL_s-728x90|21810786,Tablet,Blocking,50231,47132,3099,2627,31,0,0,0,50007,486,24375,20451,47132,0.0,47132,24375,20451,NULL,NULL,0.0,0,0.0,47132,0.0,0
